Date,DateKey,Year,Quarter,Month,MonthName,Week,DayOfWeek,DayName,IsWeekend,IsHoliday,DayOfYear,FiscalYear,FiscalQuarter
2022-01-01,20220101,2022,1,1,January,52,5,Saturday,1,0,1,2021,4
2022-01-02,20220102,2022,1,1,January,52,6,Sunday,1,0,2,2021,4
2022-01-03,20220103,2022,1,1,January,1,0,Monday,0,0,3,2021,4
2022-01-04,20220104,2022,1,1,January,1,1,Tuesday,0,0,4,2021,4
2022-01-05,20220105,2022,1,1,January,1,2,Wednesday,0,0,5,2021,4
2022-01-06,20220106,2022,1,1,January,1,3,Thursday,0,0,6,2021,4
2022-01-07,20220107,2022,1,1,January,1,4,Friday,0,0,7,2021,4
2022-01-08,20220108,2022,1,1,January,1,5,Saturday,1,0,8,2021,4
2022-01-09,20220109,2022,1,1,January,1,6,Sunday,1,0,9,2021,4
2022-01-10,20220110,2022,1,1,January,2,0,Monday,0,0,10,2021,4
2022-01-11,20220111,2022,1,1,January,2,1,Tuesday,0,0,11,2021,4
2022-01-12,20220112,2022,1,1,January,2,2,Wednesday,0,0,12,2021,4
2022-01-13,20220113,2022,1,1,January,2,3,Thursday,0,0,13,2021,4
2022-01-14,20220114,2022,1,1,January,2,4,Friday,0,0,14,2021,4
2022-01-15,20220115,2022,1,1,January,2,5,Saturday,1,0,15,2021,4
2022-01-16,20220116,2022,1,1,January,2,6,Sunday,1,0,16,2021,4
2022-01-17,20220117,2022,1,1,January,3,0,Monday,0,0,17,2021,4
2022-01-18,20220118,2022,1,1,January,3,1,Tuesday,0,0,18,2021,4
2022-01-19,20220119,2022,1,1,January,3,2,Wednesday,0,0,19,2021,4
2022-01-20,20220120,2022,1,1,January,3,3,Thursday,0,0,20,2021,4
2022-01-21,20220121,2022,1,1,January,3,4,Friday,0,0,21,2021,4
2022-01-22,20220122,2022,1,1,January,3,5,Saturday,1,0,22,2021,4
2022-01-23,20220123,2022,1,1,January,3,6,Sunday,1,0,23,2021,4
2022-01-24,20220124,2022,1,1,January,4,0,Monday,0,0,24,2021,4
2022-01-25,20220125,2022,1,1,January,4,1,Tuesday,0,0,25,2021,4
2022-01-26,20220126,2022,1,1,January,4,2,Wednesday,0,0,26,2021,4
2022-01-27,20220127,2022,1,1,January,4,3,Thursday,0,0,27,2021,4
2022-01-28,20220128,2022,1,1,January,4,4,Friday,0,0,28,2021,4
2022-01-29,20220129,2022,1,1,January,4,5,Saturday,1,0,29,2021,4
2022-01-30,20220130,2022,1,1,January,4,6,Sunday,1,0,30,2021,4
2022-01-31,20220131,2022,1,1,January,5,0,Monday,0,0,31,2021,4
2022-02-01,20220201,2022,1,2,February,5,1,Tuesday,0,0,32,2021,4
2022-02-02,20220202,2022,1,2,February,5,2,Wednesday,0,0,33,2021,4
2022-02-03,20220203,2022,1,2,February,5,3,Thursday,0,0,34,2021,4
2022-02-04,20220204,2022,1,2,February,5,4,Friday,0,0,35,2021,4
2022-02-05,20220205,2022,1,2,February,5,5,Saturday,1,0,36,2021,4
2022-02-06,20220206,2022,1,2,February,5,6,Sunday,1,0,37,2021,4
2022-02-07,20220207,2022,1,2,February,6,0,Monday,0,0,38,2021,4
2022-02-08,20220208,2022,1,2,February,6,1,Tuesday,0,0,39,2021,4
2022-02-09,20220209,2022,1,2,February,6,2,Wednesday,0,0,40,2021,4
2022-02-10,20220210,2022,1,2,February,6,3,Thursday,0,0,41,2021,4
2022-02-11,20220211,2022,1,2,February,6,4,Friday,0,0,42,2021,4
2022-02-12,20220212,2022,1,2,February,6,5,Saturday,1,0,43,2021,4
2022-02-13,20220213,2022,1,2,February,6,6,Sunday,1,0,44,2021,4
2022-02-14,20220214,2022,1,2,February,7,0,Monday,0,0,45,2021,4
2022-02-15,20220215,2022,1,2,February,7,1,Tuesday,0,0,46,2021,4
2022-02-16,20220216,2022,1,2,February,7,2,Wednesday,0,0,47,2021,4
2022-02-17,20220217,2022,1,2,February,7,3,Thursday,0,0,48,2021,4
2022-02-18,20220218,2022,1,2,February,7,4,Friday,0,0,49,2021,4
2022-02-19,20220219,2022,1,2,February,7,5,Saturday,1,0,50,2021,4
2022-02-20,20220220,2022,1,2,February,7,6,Sunday,1,0,51,2021,4
2022-02-21,20220221,2022,1,2,February,8,0,Monday,0,0,52,2021,4
2022-02-22,20220222,2022,1,2,February,8,1,Tuesday,0,0,53,2021,4
2022-02-23,20220223,2022,1,2,February,8,2,Wednesday,0,0,54,2021,4
2022-02-24,20220224,2022,1,2,February,8,3,Thursday,0,0,55,2021,4
2022-02-25,20220225,2022,1,2,February,8,4,Friday,0,0,56,2021,4
2022-02-26,20220226,2022,1,2,February,8,5,Saturday,1,0,57,2021,4
2022-02-27,20220227,2022,1,2,February,8,6,Sunday,1,0,58,2021,4
2022-02-28,20220228,2022,1,2,February,9,0,Monday,0,0,59,2021,4
2022-03-01,20220301,2022,1,3,March,9,1,Tuesday,0,0,60,2021,4
2022-03-02,20220302,2022,1,3,March,9,2,Wednesday,0,0,61,2021,4
2022-03-03,20220303,2022,1,3,March,9,3,Thursday,0,0,62,2021,4
2022-03-04,20220304,2022,1,3,March,9,4,Friday,0,0,63,2021,4
2022-03-05,20220305,2022,1,3,March,9,5,Saturday,1,0,64,2021,4
2022-03-06,20220306,2022,1,3,March,9,6,Sunday,1,0,65,2021,4
2022-03-07,20220307,2022,1,3,March,10,0,Monday,0,0,66,2021,4
2022-03-08,20220308,2022,1,3,March,10,1,Tuesday,0,0,67,2021,4
2022-03-09,20220309,2022,1,3,March,10,2,Wednesday,0,0,68,2021,4
2022-03-10,20220310,2022,1,3,March,10,3,Thursday,0,0,69,2021,4
2022-03-11,20220311,2022,1,3,March,10,4,Friday,0,0,70,2021,4
2022-03-12,20220312,2022,1,3,March,10,5,Saturday,1,0,71,2021,4
2022-03-13,20220313,2022,1,3,March,10,6,Sunday,1,0,72,2021,4
2022-03-14,20220314,2022,1,3,March,11,0,Monday,0,0,73,2021,4
2022-03-15,20220315,2022,1,3,March,11,1,Tuesday,0,0,74,2021,4
2022-03-16,20220316,2022,1,3,March,11,2,Wednesday,0,0,75,2021,4
2022-03-17,20220317,2022,1,3,March,11,3,Thursday,0,0,76,2021,4
2022-03-18,20220318,2022,1,3,March,11,4,Friday,0,0,77,2021,4
2022-03-19,20220319,2022,1,3,March,11,5,Saturday,1,0,78,2021,4
2022-03-20,20220320,2022,1,3,March,11,6,Sunday,1,0,79,2021,4
2022-03-21,20220321,2022,1,3,March,12,0,Monday,0,0,80,2021,4
2022-03-22,20220322,2022,1,3,March,12,1,Tuesday,0,0,81,2021,4
2022-03-23,20220323,2022,1,3,March,12,2,Wednesday,0,0,82,2021,4
2022-03-24,20220324,2022,1,3,March,12,3,Thursday,0,0,83,2021,4
2022-03-25,20220325,2022,1,3,March,12,4,Friday,0,0,84,2021,4
2022-03-26,20220326,2022,1,3,March,12,5,Saturday,1,0,85,2021,4
2022-03-27,20220327,2022,1,3,March,12,6,Sunday,1,0,86,2021,4
2022-03-28,20220328,2022,1,3,March,13,0,Monday,0,0,87,2021,4
2022-03-29,20220329,2022,1,3,March,13,1,Tuesday,0,0,88,2021,4
2022-03-30,20220330,2022,1,3,March,13,2,Wednesday,0,0,89,2021,4
2022-03-31,20220331,2022,1,3,March,13,3,Thursday,0,0,90,2021,4
2022-04-01,20220401,2022,2,4,April,13,4,Friday,0,0,91,2022,1
2022-04-02,20220402,2022,2,4,April,13,5,Saturday,1,0,92,2022,1
2022-04-03,20220403,2022,2,4,April,13,6,Sunday,1,0,93,2022,1
2022-04-04,20220404,2022,2,4,April,14,0,Monday,0,0,94,2022,1
2022-04-05,20220405,2022,2,4,April,14,1,Tuesday,0,0,95,2022,1
2022-04-06,20220406,2022,2,4,April,14,2,Wednesday,0,0,96,2022,1
2022-04-07,20220407,2022,2,4,April,14,3,Thursday,0,0,97,2022,1
2022-04-08,20220408,2022,2,4,April,14,4,Friday,0,0,98,2022,1
2022-04-09,20220409,2022,2,4,April,14,5,Saturday,1,0,99,2022,1
2022-04-10,20220410,2022,2,4,April,14,6,Sunday,1,0,100,2022,1
2022-04-11,20220411,2022,2,4,April,15,0,Monday,0,0,101,2022,1
2022-04-12,20220412,2022,2,4,April,15,1,Tuesday,0,0,102,2022,1
2022-04-13,20220413,2022,2,4,April,15,2,Wednesday,0,0,103,2022,1
2022-04-14,20220414,2022,2,4,April,15,3,Thursday,0,0,104,2022,1
2022-04-15,20220415,2022,2,4,April,15,4,Friday,0,0,105,2022,1
2022-04-16,20220416,2022,2,4,April,15,5,Saturday,1,0,106,2022,1
2022-04-17,20220417,2022,2,4,April,15,6,Sunday,1,0,107,2022,1
2022-04-18,20220418,2022,2,4,April,16,0,Monday,0,0,108,2022,1
2022-04-19,20220419,2022,2,4,April,16,1,Tuesday,0,0,109,2022,1
2022-04-20,20220420,2022,2,4,April,16,2,Wednesday,0,0,110,2022,1
2022-04-21,20220421,2022,2,4,April,16,3,Thursday,0,0,111,2022,1
2022-04-22,20220422,2022,2,4,April,16,4,Friday,0,0,112,2022,1
2022-04-23,20220423,2022,2,4,April,16,5,Saturday,1,0,113,2022,1
2022-04-24,20220424,2022,2,4,April,16,6,Sunday,1,0,114,2022,1
2022-04-25,20220425,2022,2,4,April,17,0,Monday,0,0,115,2022,1
2022-04-26,20220426,2022,2,4,April,17,1,Tuesday,0,0,116,2022,1
2022-04-27,20220427,2022,2,4,April,17,2,Wednesday,0,0,117,2022,1
2022-04-28,20220428,2022,2,4,April,17,3,Thursday,0,0,118,2022,1
2022-04-29,20220429,2022,2,4,April,17,4,Friday,0,0,119,2022,1
2022-04-30,20220430,2022,2,4,April,17,5,Saturday,1,0,120,2022,1
2022-05-01,20220501,2022,2,5,May,17,6,Sunday,1,0,121,2022,1
2022-05-02,20220502,2022,2,5,May,18,0,Monday,0,0,122,2022,1
2022-05-03,20220503,2022,2,5,May,18,1,Tuesday,0,0,123,2022,1
2022-05-04,20220504,2022,2,5,May,18,2,Wednesday,0,0,124,2022,1
2022-05-05,20220505,2022,2,5,May,18,3,Thursday,0,0,125,2022,1
2022-05-06,20220506,2022,2,5,May,18,4,Friday,0,0,126,2022,1
2022-05-07,20220507,2022,2,5,May,18,5,Saturday,1,0,127,2022,1
2022-05-08,20220508,2022,2,5,May,18,6,Sunday,1,0,128,2022,1
2022-05-09,20220509,2022,2,5,May,19,0,Monday,0,0,129,2022,1
2022-05-10,20220510,2022,2,5,May,19,1,Tuesday,0,0,130,2022,1
2022-05-11,20220511,2022,2,5,May,19,2,Wednesday,0,0,131,2022,1
2022-05-12,20220512,2022,2,5,May,19,3,Thursday,0,0,132,2022,1
2022-05-13,20220513,2022,2,5,May,19,4,Friday,0,0,133,2022,1
2022-05-14,20220514,2022,2,5,May,19,5,Saturday,1,0,134,2022,1
2022-05-15,20220515,2022,2,5,May,19,6,Sunday,1,0,135,2022,1
2022-05-16,20220516,2022,2,5,May,20,0,Monday,0,0,136,2022,1
2022-05-17,20220517,2022,2,5,May,20,1,Tuesday,0,0,137,2022,1
2022-05-18,20220518,2022,2,5,May,20,2,Wednesday,0,0,138,2022,1
2022-05-19,20220519,2022,2,5,May,20,3,Thursday,0,0,139,2022,1
2022-05-20,20220520,2022,2,5,May,20,4,Friday,0,0,140,2022,1
2022-05-21,20220521,2022,2,5,May,20,5,Saturday,1,0,141,2022,1
2022-05-22,20220522,2022,2,5,May,20,6,Sunday,1,0,142,2022,1
2022-05-23,20220523,2022,2,5,May,21,0,Monday,0,0,143,2022,1
2022-05-24,20220524,2022,2,5,May,21,1,Tuesday,0,0,144,2022,1
2022-05-25,20220525,2022,2,5,May,21,2,Wednesday,0,0,145,2022,1
2022-05-26,20220526,2022,2,5,May,21,3,Thursday,0,0,146,2022,1
2022-05-27,20220527,2022,2,5,May,21,4,Friday,0,0,147,2022,1
2022-05-28,20220528,2022,2,5,May,21,5,Saturday,1,0,148,2022,1
2022-05-29,20220529,2022,2,5,May,21,6,Sunday,1,0,149,2022,1
2022-05-30,20220530,2022,2,5,May,22,0,Monday,0,0,150,2022,1
2022-05-31,20220531,2022,2,5,May,22,1,Tuesday,0,0,151,2022,1
2022-06-01,20220601,2022,2,6,June,22,2,Wednesday,0,0,152,2022,1
2022-06-02,20220602,2022,2,6,June,22,3,Thursday,0,0,153,2022,1
2022-06-03,20220603,2022,2,6,June,22,4,Friday,0,0,154,2022,1
2022-06-04,20220604,2022,2,6,June,22,5,Saturday,1,0,155,2022,1
2022-06-05,20220605,2022,2,6,June,22,6,Sunday,1,0,156,2022,1
2022-06-06,20220606,2022,2,6,June,23,0,Monday,0,0,157,2022,1
2022-06-07,20220607,2022,2,6,June,23,1,Tuesday,0,0,158,2022,1
2022-06-08,20220608,2022,2,6,June,23,2,Wednesday,0,0,159,2022,1
2022-06-09,20220609,2022,2,6,June,23,3,Thursday,0,0,160,2022,1
2022-06-10,20220610,2022,2,6,June,23,4,Friday,0,0,161,2022,1
2022-06-11,20220611,2022,2,6,June,23,5,Saturday,1,0,162,2022,1
2022-06-12,20220612,2022,2,6,June,23,6,Sunday,1,0,163,2022,1
2022-06-13,20220613,2022,2,6,June,24,0,Monday,0,0,164,2022,1
2022-06-14,20220614,2022,2,6,June,24,1,Tuesday,0,0,165,2022,1
2022-06-15,20220615,2022,2,6,June,24,2,Wednesday,0,0,166,2022,1
2022-06-16,20220616,2022,2,6,June,24,3,Thursday,0,0,167,2022,1
2022-06-17,20220617,2022,2,6,June,24,4,Friday,0,0,168,2022,1
2022-06-18,20220618,2022,2,6,June,24,5,Saturday,1,0,169,2022,1
2022-06-19,20220619,2022,2,6,June,24,6,Sunday,1,0,170,2022,1
2022-06-20,20220620,2022,2,6,June,25,0,Monday,0,0,171,2022,1
2022-06-21,20220621,2022,2,6,June,25,1,Tuesday,0,0,172,2022,1
2022-06-22,20220622,2022,2,6,June,25,2,Wednesday,0,0,173,2022,1
2022-06-23,20220623,2022,2,6,June,25,3,Thursday,0,0,174,2022,1
2022-06-24,20220624,2022,2,6,June,25,4,Friday,0,0,175,2022,1
2022-06-25,20220625,2022,2,6,June,25,5,Saturday,1,0,176,2022,1
2022-06-26,20220626,2022,2,6,June,25,6,Sunday,1,0,177,2022,1
2022-06-27,20220627,2022,2,6,June,26,0,Monday,0,0,178,2022,1
2022-06-28,20220628,2022,2,6,June,26,1,Tuesday,0,0,179,2022,1
2022-06-29,20220629,2022,2,6,June,26,2,Wednesday,0,0,180,2022,1
2022-06-30,20220630,2022,2,6,June,26,3,Thursday,0,0,181,2022,1
2022-07-01,20220701,2022,3,7,July,26,4,Friday,0,0,182,2022,2
2022-07-02,20220702,2022,3,7,July,26,5,Saturday,1,0,183,2022,2
2022-07-03,20220703,2022,3,7,July,26,6,Sunday,1,0,184,2022,2
2022-07-04,20220704,2022,3,7,July,27,0,Monday,0,0,185,2022,2
2022-07-05,20220705,2022,3,7,July,27,1,Tuesday,0,0,186,2022,2
2022-07-06,20220706,2022,3,7,July,27,2,Wednesday,0,0,187,2022,2
2022-07-07,20220707,2022,3,7,July,27,3,Thursday,0,0,188,2022,2
2022-07-08,20220708,2022,3,7,July,27,4,Friday,0,0,189,2022,2
2022-07-09,20220709,2022,3,7,July,27,5,Saturday,1,0,190,2022,2
2022-07-10,20220710,2022,3,7,July,27,6,Sunday,1,0,191,2022,2
2022-07-11,20220711,2022,3,7,July,28,0,Monday,0,0,192,2022,2
2022-07-12,20220712,2022,3,7,July,28,1,Tuesday,0,0,193,2022,2
2022-07-13,20220713,2022,3,7,July,28,2,Wednesday,0,0,194,2022,2
2022-07-14,20220714,2022,3,7,July,28,3,Thursday,0,0,195,2022,2
2022-07-15,20220715,2022,3,7,July,28,4,Friday,0,0,196,2022,2
2022-07-16,20220716,2022,3,7,July,28,5,Saturday,1,0,197,2022,2
2022-07-17,20220717,2022,3,7,July,28,6,Sunday,1,0,198,2022,2
2022-07-18,20220718,2022,3,7,July,29,0,Monday,0,0,199,2022,2
2022-07-19,20220719,2022,3,7,July,29,1,Tuesday,0,0,200,2022,2
2022-07-20,20220720,2022,3,7,July,29,2,Wednesday,0,0,201,2022,2
2022-07-21,20220721,2022,3,7,July,29,3,Thursday,0,0,202,2022,2
2022-07-22,20220722,2022,3,7,July,29,4,Friday,0,0,203,2022,2
2022-07-23,20220723,2022,3,7,July,29,5,Saturday,1,0,204,2022,2
2022-07-24,20220724,2022,3,7,July,29,6,Sunday,1,0,205,2022,2
2022-07-25,20220725,2022,3,7,July,30,0,Monday,0,0,206,2022,2
2022-07-26,20220726,2022,3,7,July,30,1,Tuesday,0,0,207,2022,2
2022-07-27,20220727,2022,3,7,July,30,2,Wednesday,0,0,208,2022,2
2022-07-28,20220728,2022,3,7,July,30,3,Thursday,0,0,209,2022,2
2022-07-29,20220729,2022,3,7,July,30,4,Friday,0,0,210,2022,2
2022-07-30,20220730,2022,3,7,July,30,5,Saturday,1,0,211,2022,2
2022-07-31,20220731,2022,3,7,July,30,6,Sunday,1,0,212,2022,2
2022-08-01,20220801,2022,3,8,August,31,0,Monday,0,0,213,2022,2
2022-08-02,20220802,2022,3,8,August,31,1,Tuesday,0,0,214,2022,2
2022-08-03,20220803,2022,3,8,August,31,2,Wednesday,0,0,215,2022,2
2022-08-04,20220804,2022,3,8,August,31,3,Thursday,0,0,216,2022,2
2022-08-05,20220805,2022,3,8,August,31,4,Friday,0,0,217,2022,2
2022-08-06,20220806,2022,3,8,August,31,5,Saturday,1,0,218,2022,2
2022-08-07,20220807,2022,3,8,August,31,6,Sunday,1,0,219,2022,2
2022-08-08,20220808,2022,3,8,August,32,0,Monday,0,0,220,2022,2
2022-08-09,20220809,2022,3,8,August,32,1,Tuesday,0,0,221,2022,2
2022-08-10,20220810,2022,3,8,August,32,2,Wednesday,0,0,222,2022,2
2022-08-11,20220811,2022,3,8,August,32,3,Thursday,0,0,223,2022,2
2022-08-12,20220812,2022,3,8,August,32,4,Friday,0,0,224,2022,2
2022-08-13,20220813,2022,3,8,August,32,5,Saturday,1,0,225,2022,2
2022-08-14,20220814,2022,3,8,August,32,6,Sunday,1,0,226,2022,2
2022-08-15,20220815,2022,3,8,August,33,0,Monday,0,0,227,2022,2
2022-08-16,20220816,2022,3,8,August,33,1,Tuesday,0,0,228,2022,2
2022-08-17,20220817,2022,3,8,August,33,2,Wednesday,0,0,229,2022,2
2022-08-18,20220818,2022,3,8,August,33,3,Thursday,0,0,230,2022,2
2022-08-19,20220819,2022,3,8,August,33,4,Friday,0,0,231,2022,2
2022-08-20,20220820,2022,3,8,August,33,5,Saturday,1,0,232,2022,2
2022-08-21,20220821,2022,3,8,August,33,6,Sunday,1,0,233,2022,2
2022-08-22,20220822,2022,3,8,August,34,0,Monday,0,0,234,2022,2
2022-08-23,20220823,2022,3,8,August,34,1,Tuesday,0,0,235,2022,2
2022-08-24,20220824,2022,3,8,August,34,2,Wednesday,0,0,236,2022,2
2022-08-25,20220825,2022,3,8,August,34,3,Thursday,0,0,237,2022,2
2022-08-26,20220826,2022,3,8,August,34,4,Friday,0,0,238,2022,2
2022-08-27,20220827,2022,3,8,August,34,5,Saturday,1,0,239,2022,2
2022-08-28,20220828,2022,3,8,August,34,6,Sunday,1,0,240,2022,2
2022-08-29,20220829,2022,3,8,August,35,0,Monday,0,0,241,2022,2
2022-08-30,20220830,2022,3,8,August,35,1,Tuesday,0,0,242,2022,2
2022-08-31,20220831,2022,3,8,August,35,2,Wednesday,0,0,243,2022,2
2022-09-01,20220901,2022,3,9,September,35,3,Thursday,0,0,244,2022,2
2022-09-02,20220902,2022,3,9,September,35,4,Friday,0,0,245,2022,2
2022-09-03,20220903,2022,3,9,September,35,5,Saturday,1,0,246,2022,2
2022-09-04,20220904,2022,3,9,September,35,6,Sunday,1,0,247,2022,2
2022-09-05,20220905,2022,3,9,September,36,0,Monday,0,0,248,2022,2
2022-09-06,20220906,2022,3,9,September,36,1,Tuesday,0,0,249,2022,2
2022-09-07,20220907,2022,3,9,September,36,2,Wednesday,0,0,250,2022,2
2022-09-08,20220908,2022,3,9,September,36,3,Thursday,0,0,251,2022,2
2022-09-09,20220909,2022,3,9,September,36,4,Friday,0,0,252,2022,2
2022-09-10,20220910,2022,3,9,September,36,5,Saturday,1,0,253,2022,2
2022-09-11,20220911,2022,3,9,September,36,6,Sunday,1,0,254,2022,2
2022-09-12,20220912,2022,3,9,September,37,0,Monday,0,0,255,2022,2
2022-09-13,20220913,2022,3,9,September,37,1,Tuesday,0,0,256,2022,2
2022-09-14,20220914,2022,3,9,September,37,2,Wednesday,0,0,257,2022,2
2022-09-15,20220915,2022,3,9,September,37,3,Thursday,0,0,258,2022,2
2022-09-16,20220916,2022,3,9,September,37,4,Friday,0,0,259,2022,2
2022-09-17,20220917,2022,3,9,September,37,5,Saturday,1,0,260,2022,2
2022-09-18,20220918,2022,3,9,September,37,6,Sunday,1,0,261,2022,2
2022-09-19,20220919,2022,3,9,September,38,0,Monday,0,0,262,2022,2
2022-09-20,20220920,2022,3,9,September,38,1,Tuesday,0,0,263,2022,2
2022-09-21,20220921,2022,3,9,September,38,2,Wednesday,0,0,264,2022,2
2022-09-22,20220922,2022,3,9,September,38,3,Thursday,0,0,265,2022,2
2022-09-23,20220923,2022,3,9,September,38,4,Friday,0,0,266,2022,2
2022-09-24,20220924,2022,3,9,September,38,5,Saturday,1,0,267,2022,2
2022-09-25,20220925,2022,3,9,September,38,6,Sunday,1,0,268,2022,2
2022-09-26,20220926,2022,3,9,September,39,0,Monday,0,0,269,2022,2
2022-09-27,20220927,2022,3,9,September,39,1,Tuesday,0,0,270,2022,2
2022-09-28,20220928,2022,3,9,September,39,2,Wednesday,0,0,271,2022,2
2022-09-29,20220929,2022,3,9,September,39,3,Thursday,0,0,272,2022,2
2022-09-30,20220930,2022,3,9,September,39,4,Friday,0,0,273,2022,2
2022-10-01,20221001,2022,4,10,October,39,5,Saturday,1,0,274,2022,3
2022-10-02,20221002,2022,4,10,October,39,6,Sunday,1,0,275,2022,3
2022-10-03,20221003,2022,4,10,October,40,0,Monday,0,0,276,2022,3
2022-10-04,20221004,2022,4,10,October,40,1,Tuesday,0,0,277,2022,3
2022-10-05,20221005,2022,4,10,October,40,2,Wednesday,0,0,278,2022,3
2022-10-06,20221006,2022,4,10,October,40,3,Thursday,0,0,279,2022,3
2022-10-07,20221007,2022,4,10,October,40,4,Friday,0,0,280,2022,3
2022-10-08,20221008,2022,4,10,October,40,5,Saturday,1,0,281,2022,3
2022-10-09,20221009,2022,4,10,October,40,6,Sunday,1,0,282,2022,3
2022-10-10,20221010,2022,4,10,October,41,0,Monday,0,0,283,2022,3
2022-10-11,20221011,2022,4,10,October,41,1,Tuesday,0,0,284,2022,3
2022-10-12,20221012,2022,4,10,October,41,2,Wednesday,0,0,285,2022,3
2022-10-13,20221013,2022,4,10,October,41,3,Thursday,0,0,286,2022,3
2022-10-14,20221014,2022,4,10,October,41,4,Friday,0,0,287,2022,3
2022-10-15,20221015,2022,4,10,October,41,5,Saturday,1,0,288,2022,3
2022-10-16,20221016,2022,4,10,October,41,6,Sunday,1,0,289,2022,3
2022-10-17,20221017,2022,4,10,October,42,0,Monday,0,0,290,2022,3
2022-10-18,20221018,2022,4,10,October,42,1,Tuesday,0,0,291,2022,3
2022-10-19,20221019,2022,4,10,October,42,2,Wednesday,0,0,292,2022,3
2022-10-20,20221020,2022,4,10,October,42,3,Thursday,0,0,293,2022,3
2022-10-21,20221021,2022,4,10,October,42,4,Friday,0,0,294,2022,3
2022-10-22,20221022,2022,4,10,October,42,5,Saturday,1,0,295,2022,3
2022-10-23,20221023,2022,4,10,October,42,6,Sunday,1,0,296,2022,3
2022-10-24,20221024,2022,4,10,October,43,0,Monday,0,0,297,2022,3
2022-10-25,20221025,2022,4,10,October,43,1,Tuesday,0,0,298,2022,3
2022-10-26,20221026,2022,4,10,October,43,2,Wednesday,0,0,299,2022,3
2022-10-27,20221027,2022,4,10,October,43,3,Thursday,0,0,300,2022,3
2022-10-28,20221028,2022,4,10,October,43,4,Friday,0,0,301,2022,3
2022-10-29,20221029,2022,4,10,October,43,5,Saturday,1,0,302,2022,3
2022-10-30,20221030,2022,4,10,October,43,6,Sunday,1,0,303,2022,3
2022-10-31,20221031,2022,4,10,October,44,0,Monday,0,0,304,2022,3
2022-11-01,20221101,2022,4,11,November,44,1,Tuesday,0,0,305,2022,3
2022-11-02,20221102,2022,4,11,November,44,2,Wednesday,0,0,306,2022,3
2022-11-03,20221103,2022,4,11,November,44,3,Thursday,0,0,307,2022,3
2022-11-04,20221104,2022,4,11,November,44,4,Friday,0,0,308,2022,3
2022-11-05,20221105,2022,4,11,November,44,5,Saturday,1,0,309,2022,3
2022-11-06,20221106,2022,4,11,November,44,6,Sunday,1,0,310,2022,3
2022-11-07,20221107,2022,4,11,November,45,0,Monday,0,0,311,2022,3
2022-11-08,20221108,2022,4,11,November,45,1,Tuesday,0,0,312,2022,3
2022-11-09,20221109,2022,4,11,November,45,2,Wednesday,0,0,313,2022,3
2022-11-10,20221110,2022,4,11,November,45,3,Thursday,0,0,314,2022,3
2022-11-11,20221111,2022,4,11,November,45,4,Friday,0,0,315,2022,3
2022-11-12,20221112,2022,4,11,November,45,5,Saturday,1,0,316,2022,3
2022-11-13,20221113,2022,4,11,November,45,6,Sunday,1,0,317,2022,3
2022-11-14,20221114,2022,4,11,November,46,0,Monday,0,0,318,2022,3
2022-11-15,20221115,2022,4,11,November,46,1,Tuesday,0,0,319,2022,3
2022-11-16,20221116,2022,4,11,November,46,2,Wednesday,0,0,320,2022,3
2022-11-17,20221117,2022,4,11,November,46,3,Thursday,0,0,321,2022,3
2022-11-18,20221118,2022,4,11,November,46,4,Friday,0,0,322,2022,3
2022-11-19,20221119,2022,4,11,November,46,5,Saturday,1,0,323,2022,3
2022-11-20,20221120,2022,4,11,November,46,6,Sunday,1,0,324,2022,3
2022-11-21,20221121,2022,4,11,November,47,0,Monday,0,0,325,2022,3
2022-11-22,20221122,2022,4,11,November,47,1,Tuesday,0,0,326,2022,3
2022-11-23,20221123,2022,4,11,November,47,2,Wednesday,0,0,327,2022,3
2022-11-24,20221124,2022,4,11,November,47,3,Thursday,0,0,328,2022,3
2022-11-25,20221125,2022,4,11,November,47,4,Friday,0,0,329,2022,3
2022-11-26,20221126,2022,4,11,November,47,5,Saturday,1,0,330,2022,3
2022-11-27,20221127,2022,4,11,November,47,6,Sunday,1,0,331,2022,3
2022-11-28,20221128,2022,4,11,November,48,0,Monday,0,0,332,2022,3
2022-11-29,20221129,2022,4,11,November,48,1,Tuesday,0,0,333,2022,3
2022-11-30,20221130,2022,4,11,November,48,2,Wednesday,0,0,334,2022,3
2022-12-01,20221201,2022,4,12,December,48,3,Thursday,0,0,335,2022,3
2022-12-02,20221202,2022,4,12,December,48,4,Friday,0,0,336,2022,3
2022-12-03,20221203,2022,4,12,December,48,5,Saturday,1,0,337,2022,3
2022-12-04,20221204,2022,4,12,December,48,6,Sunday,1,0,338,2022,3
2022-12-05,20221205,2022,4,12,December,49,0,Monday,0,0,339,2022,3
2022-12-06,20221206,2022,4,12,December,49,1,Tuesday,0,0,340,2022,3
2022-12-07,20221207,2022,4,12,December,49,2,Wednesday,0,0,341,2022,3
2022-12-08,20221208,2022,4,12,December,49,3,Thursday,0,0,342,2022,3
2022-12-09,20221209,2022,4,12,December,49,4,Friday,0,0,343,2022,3
2022-12-10,20221210,2022,4,12,December,49,5,Saturday,1,0,344,2022,3
2022-12-11,20221211,2022,4,12,December,49,6,Sunday,1,0,345,2022,3
2022-12-12,20221212,2022,4,12,December,50,0,Monday,0,0,346,2022,3
2022-12-13,20221213,2022,4,12,December,50,1,Tuesday,0,0,347,2022,3
2022-12-14,20221214,2022,4,12,December,50,2,Wednesday,0,0,348,2022,3
2022-12-15,20221215,2022,4,12,December,50,3,Thursday,0,0,349,2022,3
2022-12-16,20221216,2022,4,12,December,50,4,Friday,0,0,350,2022,3
2022-12-17,20221217,2022,4,12,December,50,5,Saturday,1,0,351,2022,3
2022-12-18,20221218,2022,4,12,December,50,6,Sunday,1,0,352,2022,3
2022-12-19,20221219,2022,4,12,December,51,0,Monday,0,0,353,2022,3
2022-12-20,20221220,2022,4,12,December,51,1,Tuesday,0,0,354,2022,3
2022-12-21,20221221,2022,4,12,December,51,2,Wednesday,0,0,355,2022,3
2022-12-22,20221222,2022,4,12,December,51,3,Thursday,0,0,356,2022,3
2022-12-23,20221223,2022,4,12,December,51,4,Friday,0,0,357,2022,3
2022-12-24,20221224,2022,4,12,December,51,5,Saturday,1,0,358,2022,3
2022-12-25,20221225,2022,4,12,December,51,6,Sunday,1,0,359,2022,3
2022-12-26,20221226,2022,4,12,December,52,0,Monday,0,0,360,2022,3
2022-12-27,20221227,2022,4,12,December,52,1,Tuesday,0,0,361,2022,3
2022-12-28,20221228,2022,4,12,December,52,2,Wednesday,0,0,362,2022,3
2022-12-29,20221229,2022,4,12,December,52,3,Thursday,0,0,363,2022,3
2022-12-30,20221230,2022,4,12,December,52,4,Friday,0,0,364,2022,3
2022-12-31,20221231,2022,4,12,December,52,5,Saturday,1,0,365,2022,3
2023-01-01,20230101,2023,1,1,January,52,6,Sunday,1,0,1,2022,4
2023-01-02,20230102,2023,1,1,January,1,0,Monday,0,0,2,2022,4
2023-01-03,20230103,2023,1,1,January,1,1,Tuesday,0,0,3,2022,4
2023-01-04,20230104,2023,1,1,January,1,2,Wednesday,0,0,4,2022,4
2023-01-05,20230105,2023,1,1,January,1,3,Thursday,0,0,5,2022,4
2023-01-06,20230106,2023,1,1,January,1,4,Friday,0,0,6,2022,4
2023-01-07,20230107,2023,1,1,January,1,5,Saturday,1,0,7,2022,4
2023-01-08,20230108,2023,1,1,January,1,6,Sunday,1,0,8,2022,4
2023-01-09,20230109,2023,1,1,January,2,0,Monday,0,0,9,2022,4
2023-01-10,20230110,2023,1,1,January,2,1,Tuesday,0,0,10,2022,4
2023-01-11,20230111,2023,1,1,January,2,2,Wednesday,0,0,11,2022,4
2023-01-12,20230112,2023,1,1,January,2,3,Thursday,0,0,12,2022,4
2023-01-13,20230113,2023,1,1,January,2,4,Friday,0,0,13,2022,4
2023-01-14,20230114,2023,1,1,January,2,5,Saturday,1,0,14,2022,4
2023-01-15,20230115,2023,1,1,January,2,6,Sunday,1,0,15,2022,4
2023-01-16,20230116,2023,1,1,January,3,0,Monday,0,0,16,2022,4
2023-01-17,20230117,2023,1,1,January,3,1,Tuesday,0,0,17,2022,4
2023-01-18,20230118,2023,1,1,January,3,2,Wednesday,0,0,18,2022,4
2023-01-19,20230119,2023,1,1,January,3,3,Thursday,0,0,19,2022,4
2023-01-20,20230120,2023,1,1,January,3,4,Friday,0,0,20,2022,4
2023-01-21,20230121,2023,1,1,January,3,5,Saturday,1,0,21,2022,4
2023-01-22,20230122,2023,1,1,January,3,6,Sunday,1,0,22,2022,4
2023-01-23,20230123,2023,1,1,January,4,0,Monday,0,0,23,2022,4
2023-01-24,20230124,2023,1,1,January,4,1,Tuesday,0,0,24,2022,4
2023-01-25,20230125,2023,1,1,January,4,2,Wednesday,0,0,25,2022,4
2023-01-26,20230126,2023,1,1,January,4,3,Thursday,0,0,26,2022,4
2023-01-27,20230127,2023,1,1,January,4,4,Friday,0,0,27,2022,4
2023-01-28,20230128,2023,1,1,January,4,5,Saturday,1,0,28,2022,4
2023-01-29,20230129,2023,1,1,January,4,6,Sunday,1,0,29,2022,4
2023-01-30,20230130,2023,1,1,January,5,0,Monday,0,0,30,2022,4
2023-01-31,20230131,2023,1,1,January,5,1,Tuesday,0,0,31,2022,4
2023-02-01,20230201,2023,1,2,February,5,2,Wednesday,0,0,32,2022,4
2023-02-02,20230202,2023,1,2,February,5,3,Thursday,0,0,33,2022,4
2023-02-03,20230203,2023,1,2,February,5,4,Friday,0,0,34,2022,4
2023-02-04,20230204,2023,1,2,February,5,5,Saturday,1,0,35,2022,4
2023-02-05,20230205,2023,1,2,February,5,6,Sunday,1,0,36,2022,4
2023-02-06,20230206,2023,1,2,February,6,0,Monday,0,0,37,2022,4
2023-02-07,20230207,2023,1,2,February,6,1,Tuesday,0,0,38,2022,4
2023-02-08,20230208,2023,1,2,February,6,2,Wednesday,0,0,39,2022,4
2023-02-09,20230209,2023,1,2,February,6,3,Thursday,0,0,40,2022,4
2023-02-10,20230210,2023,1,2,February,6,4,Friday,0,0,41,2022,4
2023-02-11,20230211,2023,1,2,February,6,5,Saturday,1,0,42,2022,4
2023-02-12,20230212,2023,1,2,February,6,6,Sunday,1,0,43,2022,4
2023-02-13,20230213,2023,1,2,February,7,0,Monday,0,0,44,2022,4
2023-02-14,20230214,2023,1,2,February,7,1,Tuesday,0,0,45,2022,4
2023-02-15,20230215,2023,1,2,February,7,2,Wednesday,0,0,46,2022,4
2023-02-16,20230216,2023,1,2,February,7,3,Thursday,0,0,47,2022,4
2023-02-17,20230217,2023,1,2,February,7,4,Friday,0,0,48,2022,4
2023-02-18,20230218,2023,1,2,February,7,5,Saturday,1,0,49,2022,4
2023-02-19,20230219,2023,1,2,February,7,6,Sunday,1,0,50,2022,4
2023-02-20,20230220,2023,1,2,February,8,0,Monday,0,0,51,2022,4
2023-02-21,20230221,2023,1,2,February,8,1,Tuesday,0,0,52,2022,4
2023-02-22,20230222,2023,1,2,February,8,2,Wednesday,0,0,53,2022,4
2023-02-23,20230223,2023,1,2,February,8,3,Thursday,0,0,54,2022,4
2023-02-24,20230224,2023,1,2,February,8,4,Friday,0,0,55,2022,4
2023-02-25,20230225,2023,1,2,February,8,5,Saturday,1,0,56,2022,4
2023-02-26,20230226,2023,1,2,February,8,6,Sunday,1,0,57,2022,4
2023-02-27,20230227,2023,1,2,February,9,0,Monday,0,0,58,2022,4
2023-02-28,20230228,2023,1,2,February,9,1,Tuesday,0,0,59,2022,4
2023-03-01,20230301,2023,1,3,March,9,2,Wednesday,0,0,60,2022,4
2023-03-02,20230302,2023,1,3,March,9,3,Thursday,0,0,61,2022,4
2023-03-03,20230303,2023,1,3,March,9,4,Friday,0,0,62,2022,4
2023-03-04,20230304,2023,1,3,March,9,5,Saturday,1,0,63,2022,4
2023-03-05,20230305,2023,1,3,March,9,6,Sunday,1,0,64,2022,4
2023-03-06,20230306,2023,1,3,March,10,0,Monday,0,0,65,2022,4
2023-03-07,20230307,2023,1,3,March,10,1,Tuesday,0,0,66,2022,4
2023-03-08,20230308,2023,1,3,March,10,2,Wednesday,0,0,67,2022,4
2023-03-09,20230309,2023,1,3,March,10,3,Thursday,0,0,68,2022,4
2023-03-10,20230310,2023,1,3,March,10,4,Friday,0,0,69,2022,4
2023-03-11,20230311,2023,1,3,March,10,5,Saturday,1,0,70,2022,4
2023-03-12,20230312,2023,1,3,March,10,6,Sunday,1,0,71,2022,4
2023-03-13,20230313,2023,1,3,March,11,0,Monday,0,0,72,2022,4
2023-03-14,20230314,2023,1,3,March,11,1,Tuesday,0,0,73,2022,4
2023-03-15,20230315,2023,1,3,March,11,2,Wednesday,0,0,74,2022,4
2023-03-16,20230316,2023,1,3,March,11,3,Thursday,0,0,75,2022,4
2023-03-17,20230317,2023,1,3,March,11,4,Friday,0,0,76,2022,4
2023-03-18,20230318,2023,1,3,March,11,5,Saturday,1,0,77,2022,4
2023-03-19,20230319,2023,1,3,March,11,6,Sunday,1,0,78,2022,4
2023-03-20,20230320,2023,1,3,March,12,0,Monday,0,0,79,2022,4
2023-03-21,20230321,2023,1,3,March,12,1,Tuesday,0,0,80,2022,4
2023-03-22,20230322,2023,1,3,March,12,2,Wednesday,0,0,81,2022,4
2023-03-23,20230323,2023,1,3,March,12,3,Thursday,0,0,82,2022,4
2023-03-24,20230324,2023,1,3,March,12,4,Friday,0,0,83,2022,4
2023-03-25,20230325,2023,1,3,March,12,5,Saturday,1,0,84,2022,4
2023-03-26,20230326,2023,1,3,March,12,6,Sunday,1,0,85,2022,4
2023-03-27,20230327,2023,1,3,March,13,0,Monday,0,0,86,2022,4
2023-03-28,20230328,2023,1,3,March,13,1,Tuesday,0,0,87,2022,4
2023-03-29,20230329,2023,1,3,March,13,2,Wednesday,0,0,88,2022,4
2023-03-30,20230330,2023,1,3,March,13,3,Thursday,0,0,89,2022,4
2023-03-31,20230331,2023,1,3,March,13,4,Friday,0,0,90,2022,4
2023-04-01,20230401,2023,2,4,April,13,5,Saturday,1,0,91,2023,1
2023-04-02,20230402,2023,2,4,April,13,6,Sunday,1,0,92,2023,1
2023-04-03,20230403,2023,2,4,April,14,0,Monday,0,0,93,2023,1
2023-04-04,20230404,2023,2,4,April,14,1,Tuesday,0,0,94,2023,1
2023-04-05,20230405,2023,2,4,April,14,2,Wednesday,0,0,95,2023,1
2023-04-06,20230406,2023,2,4,April,14,3,Thursday,0,0,96,2023,1
2023-04-07,20230407,2023,2,4,April,14,4,Friday,0,0,97,2023,1
2023-04-08,20230408,2023,2,4,April,14,5,Saturday,1,0,98,2023,1
2023-04-09,20230409,2023,2,4,April,14,6,Sunday,1,0,99,2023,1
2023-04-10,20230410,2023,2,4,April,15,0,Monday,0,0,100,2023,1
2023-04-11,20230411,2023,2,4,April,15,1,Tuesday,0,0,101,2023,1
2023-04-12,20230412,2023,2,4,April,15,2,Wednesday,0,0,102,2023,1
2023-04-13,20230413,2023,2,4,April,15,3,Thursday,0,0,103,2023,1
2023-04-14,20230414,2023,2,4,April,15,4,Friday,0,0,104,2023,1
2023-04-15,20230415,2023,2,4,April,15,5,Saturday,1,0,105,2023,1
2023-04-16,20230416,2023,2,4,April,15,6,Sunday,1,0,106,2023,1
2023-04-17,20230417,2023,2,4,April,16,0,Monday,0,0,107,2023,1
2023-04-18,20230418,2023,2,4,April,16,1,Tuesday,0,0,108,2023,1
2023-04-19,20230419,2023,2,4,April,16,2,Wednesday,0,0,109,2023,1
2023-04-20,20230420,2023,2,4,April,16,3,Thursday,0,0,110,2023,1
2023-04-21,20230421,2023,2,4,April,16,4,Friday,0,0,111,2023,1
2023-04-22,20230422,2023,2,4,April,16,5,Saturday,1,0,112,2023,1
2023-04-23,20230423,2023,2,4,April,16,6,Sunday,1,0,113,2023,1
2023-04-24,20230424,2023,2,4,April,17,0,Monday,0,0,114,2023,1
2023-04-25,20230425,2023,2,4,April,17,1,Tuesday,0,0,115,2023,1
2023-04-26,20230426,2023,2,4,April,17,2,Wednesday,0,0,116,2023,1
2023-04-27,20230427,2023,2,4,April,17,3,Thursday,0,0,117,2023,1
2023-04-28,20230428,2023,2,4,April,17,4,Friday,0,0,118,2023,1
2023-04-29,20230429,2023,2,4,April,17,5,Saturday,1,0,119,2023,1
2023-04-30,20230430,2023,2,4,April,17,6,Sunday,1,0,120,2023,1
2023-05-01,20230501,2023,2,5,May,18,0,Monday,0,0,121,2023,1
2023-05-02,20230502,2023,2,5,May,18,1,Tuesday,0,0,122,2023,1
2023-05-03,20230503,2023,2,5,May,18,2,Wednesday,0,0,123,2023,1
2023-05-04,20230504,2023,2,5,May,18,3,Thursday,0,0,124,2023,1
2023-05-05,20230505,2023,2,5,May,18,4,Friday,0,0,125,2023,1
2023-05-06,20230506,2023,2,5,May,18,5,Saturday,1,0,126,2023,1
2023-05-07,20230507,2023,2,5,May,18,6,Sunday,1,0,127,2023,1
2023-05-08,20230508,2023,2,5,May,19,0,Monday,0,0,128,2023,1
2023-05-09,20230509,2023,2,5,May,19,1,Tuesday,0,0,129,2023,1
2023-05-10,20230510,2023,2,5,May,19,2,Wednesday,0,0,130,2023,1
2023-05-11,20230511,2023,2,5,May,19,3,Thursday,0,0,131,2023,1
2023-05-12,20230512,2023,2,5,May,19,4,Friday,0,0,132,2023,1
2023-05-13,20230513,2023,2,5,May,19,5,Saturday,1,0,133,2023,1
2023-05-14,20230514,2023,2,5,May,19,6,Sunday,1,0,134,2023,1
2023-05-15,20230515,2023,2,5,May,20,0,Monday,0,0,135,2023,1
2023-05-16,20230516,2023,2,5,May,20,1,Tuesday,0,0,136,2023,1
2023-05-17,20230517,2023,2,5,May,20,2,Wednesday,0,0,137,2023,1
2023-05-18,20230518,2023,2,5,May,20,3,Thursday,0,0,138,2023,1
2023-05-19,20230519,2023,2,5,May,20,4,Friday,0,0,139,2023,1
2023-05-20,20230520,2023,2,5,May,20,5,Saturday,1,0,140,2023,1
2023-05-21,20230521,2023,2,5,May,20,6,Sunday,1,0,141,2023,1
2023-05-22,20230522,2023,2,5,May,21,0,Monday,0,0,142,2023,1
2023-05-23,20230523,2023,2,5,May,21,1,Tuesday,0,0,143,2023,1
2023-05-24,20230524,2023,2,5,May,21,2,Wednesday,0,0,144,2023,1
2023-05-25,20230525,2023,2,5,May,21,3,Thursday,0,0,145,2023,1
2023-05-26,20230526,2023,2,5,May,21,4,Friday,0,0,146,2023,1
2023-05-27,20230527,2023,2,5,May,21,5,Saturday,1,0,147,2023,1
2023-05-28,20230528,2023,2,5,May,21,6,Sunday,1,0,148,2023,1
2023-05-29,20230529,2023,2,5,May,22,0,Monday,0,0,149,2023,1
2023-05-30,20230530,2023,2,5,May,22,1,Tuesday,0,0,150,2023,1
2023-05-31,20230531,2023,2,5,May,22,2,Wednesday,0,0,151,2023,1
2023-06-01,20230601,2023,2,6,June,22,3,Thursday,0,0,152,2023,1
2023-06-02,20230602,2023,2,6,June,22,4,Friday,0,0,153,2023,1
2023-06-03,20230603,2023,2,6,June,22,5,Saturday,1,0,154,2023,1
2023-06-04,20230604,2023,2,6,June,22,6,Sunday,1,0,155,2023,1
2023-06-05,20230605,2023,2,6,June,23,0,Monday,0,0,156,2023,1
2023-06-06,20230606,2023,2,6,June,23,1,Tuesday,0,0,157,2023,1
2023-06-07,20230607,2023,2,6,June,23,2,Wednesday,0,0,158,2023,1
2023-06-08,20230608,2023,2,6,June,23,3,Thursday,0,0,159,2023,1
2023-06-09,20230609,2023,2,6,June,23,4,Friday,0,0,160,2023,1
2023-06-10,20230610,2023,2,6,June,23,5,Saturday,1,0,161,2023,1
2023-06-11,20230611,2023,2,6,June,23,6,Sunday,1,0,162,2023,1
2023-06-12,20230612,2023,2,6,June,24,0,Monday,0,0,163,2023,1
2023-06-13,20230613,2023,2,6,June,24,1,Tuesday,0,0,164,2023,1
2023-06-14,20230614,2023,2,6,June,24,2,Wednesday,0,0,165,2023,1
2023-06-15,20230615,2023,2,6,June,24,3,Thursday,0,0,166,2023,1
2023-06-16,20230616,2023,2,6,June,24,4,Friday,0,0,167,2023,1
2023-06-17,20230617,2023,2,6,June,24,5,Saturday,1,0,168,2023,1
2023-06-18,20230618,2023,2,6,June,24,6,Sunday,1,0,169,2023,1
2023-06-19,20230619,2023,2,6,June,25,0,Monday,0,0,170,2023,1
2023-06-20,20230620,2023,2,6,June,25,1,Tuesday,0,0,171,2023,1
2023-06-21,20230621,2023,2,6,June,25,2,Wednesday,0,0,172,2023,1
2023-06-22,20230622,2023,2,6,June,25,3,Thursday,0,0,173,2023,1
2023-06-23,20230623,2023,2,6,June,25,4,Friday,0,0,174,2023,1
2023-06-24,20230624,2023,2,6,June,25,5,Saturday,1,0,175,2023,1
2023-06-25,20230625,2023,2,6,June,25,6,Sunday,1,0,176,2023,1
2023-06-26,20230626,2023,2,6,June,26,0,Monday,0,0,177,2023,1
2023-06-27,20230627,2023,2,6,June,26,1,Tuesday,0,0,178,2023,1
2023-06-28,20230628,2023,2,6,June,26,2,Wednesday,0,0,179,2023,1
2023-06-29,20230629,2023,2,6,June,26,3,Thursday,0,0,180,2023,1
2023-06-30,20230630,2023,2,6,June,26,4,Friday,0,0,181,2023,1
2023-07-01,20230701,2023,3,7,July,26,5,Saturday,1,0,182,2023,2
2023-07-02,20230702,2023,3,7,July,26,6,Sunday,1,0,183,2023,2
2023-07-03,20230703,2023,3,7,July,27,0,Monday,0,0,184,2023,2
2023-07-04,20230704,2023,3,7,July,27,1,Tuesday,0,0,185,2023,2
2023-07-05,20230705,2023,3,7,July,27,2,Wednesday,0,0,186,2023,2
2023-07-06,20230706,2023,3,7,July,27,3,Thursday,0,0,187,2023,2
2023-07-07,20230707,2023,3,7,July,27,4,Friday,0,0,188,2023,2
2023-07-08,20230708,2023,3,7,July,27,5,Saturday,1,0,189,2023,2
2023-07-09,20230709,2023,3,7,July,27,6,Sunday,1,0,190,2023,2
2023-07-10,20230710,2023,3,7,July,28,0,Monday,0,0,191,2023,2
2023-07-11,20230711,2023,3,7,July,28,1,Tuesday,0,0,192,2023,2
2023-07-12,20230712,2023,3,7,July,28,2,Wednesday,0,0,193,2023,2
2023-07-13,20230713,2023,3,7,July,28,3,Thursday,0,0,194,2023,2
2023-07-14,20230714,2023,3,7,July,28,4,Friday,0,0,195,2023,2
2023-07-15,20230715,2023,3,7,July,28,5,Saturday,1,0,196,2023,2
2023-07-16,20230716,2023,3,7,July,28,6,Sunday,1,0,197,2023,2
2023-07-17,20230717,2023,3,7,July,29,0,Monday,0,0,198,2023,2
2023-07-18,20230718,2023,3,7,July,29,1,Tuesday,0,0,199,2023,2
2023-07-19,20230719,2023,3,7,July,29,2,Wednesday,0,0,200,2023,2
2023-07-20,20230720,2023,3,7,July,29,3,Thursday,0,0,201,2023,2
2023-07-21,20230721,2023,3,7,July,29,4,Friday,0,0,202,2023,2
2023-07-22,20230722,2023,3,7,July,29,5,Saturday,1,0,203,2023,2
2023-07-23,20230723,2023,3,7,July,29,6,Sunday,1,0,204,2023,2
2023-07-24,20230724,2023,3,7,July,30,0,Monday,0,0,205,2023,2
2023-07-25,20230725,2023,3,7,July,30,1,Tuesday,0,0,206,2023,2
2023-07-26,20230726,2023,3,7,July,30,2,Wednesday,0,0,207,2023,2
2023-07-27,20230727,2023,3,7,July,30,3,Thursday,0,0,208,2023,2
2023-07-28,20230728,2023,3,7,July,30,4,Friday,0,0,209,2023,2
2023-07-29,20230729,2023,3,7,July,30,5,Saturday,1,0,210,2023,2
2023-07-30,20230730,2023,3,7,July,30,6,Sunday,1,0,211,2023,2
2023-07-31,20230731,2023,3,7,July,31,0,Monday,0,0,212,2023,2
2023-08-01,20230801,2023,3,8,August,31,1,Tuesday,0,0,213,2023,2
2023-08-02,20230802,2023,3,8,August,31,2,Wednesday,0,0,214,2023,2
2023-08-03,20230803,2023,3,8,August,31,3,Thursday,0,0,215,2023,2
2023-08-04,20230804,2023,3,8,August,31,4,Friday,0,0,216,2023,2
2023-08-05,20230805,2023,3,8,August,31,5,Saturday,1,0,217,2023,2
2023-08-06,20230806,2023,3,8,August,31,6,Sunday,1,0,218,2023,2
2023-08-07,20230807,2023,3,8,August,32,0,Monday,0,0,219,2023,2
2023-08-08,20230808,2023,3,8,August,32,1,Tuesday,0,0,220,2023,2
2023-08-09,20230809,2023,3,8,August,32,2,Wednesday,0,0,221,2023,2
2023-08-10,20230810,2023,3,8,August,32,3,Thursday,0,0,222,2023,2
2023-08-11,20230811,2023,3,8,August,32,4,Friday,0,0,223,2023,2
2023-08-12,20230812,2023,3,8,August,32,5,Saturday,1,0,224,2023,2
2023-08-13,20230813,2023,3,8,August,32,6,Sunday,1,0,225,2023,2
2023-08-14,20230814,2023,3,8,August,33,0,Monday,0,0,226,2023,2
2023-08-15,20230815,2023,3,8,August,33,1,Tuesday,0,0,227,2023,2
2023-08-16,20230816,2023,3,8,August,33,2,Wednesday,0,0,228,2023,2
2023-08-17,20230817,2023,3,8,August,33,3,Thursday,0,0,229,2023,2
2023-08-18,20230818,2023,3,8,August,33,4,Friday,0,0,230,2023,2
2023-08-19,20230819,2023,3,8,August,33,5,Saturday,1,0,231,2023,2
2023-08-20,20230820,2023,3,8,August,33,6,Sunday,1,0,232,2023,2
2023-08-21,20230821,2023,3,8,August,34,0,Monday,0,0,233,2023,2
2023-08-22,20230822,2023,3,8,August,34,1,Tuesday,0,0,234,2023,2
2023-08-23,20230823,2023,3,8,August,34,2,Wednesday,0,0,235,2023,2
2023-08-24,20230824,2023,3,8,August,34,3,Thursday,0,0,236,2023,2
2023-08-25,20230825,2023,3,8,August,34,4,Friday,0,0,237,2023,2
2023-08-26,20230826,2023,3,8,August,34,5,Saturday,1,0,238,2023,2
2023-08-27,20230827,2023,3,8,August,34,6,Sunday,1,0,239,2023,2
2023-08-28,20230828,2023,3,8,August,35,0,Monday,0,0,240,2023,2
2023-08-29,20230829,2023,3,8,August,35,1,Tuesday,0,0,241,2023,2
2023-08-30,20230830,2023,3,8,August,35,2,Wednesday,0,0,242,2023,2
2023-08-31,20230831,2023,3,8,August,35,3,Thursday,0,0,243,2023,2
2023-09-01,20230901,2023,3,9,September,35,4,Friday,0,0,244,2023,2
2023-09-02,20230902,2023,3,9,September,35,5,Saturday,1,0,245,2023,2
2023-09-03,20230903,2023,3,9,September,35,6,Sunday,1,0,246,2023,2
2023-09-04,20230904,2023,3,9,September,36,0,Monday,0,0,247,2023,2
2023-09-05,20230905,2023,3,9,September,36,1,Tuesday,0,0,248,2023,2
2023-09-06,20230906,2023,3,9,September,36,2,Wednesday,0,0,249,2023,2
2023-09-07,20230907,2023,3,9,September,36,3,Thursday,0,0,250,2023,2
2023-09-08,20230908,2023,3,9,September,36,4,Friday,0,0,251,2023,2
2023-09-09,20230909,2023,3,9,September,36,5,Saturday,1,0,252,2023,2
2023-09-10,20230910,2023,3,9,September,36,6,Sunday,1,0,253,2023,2
2023-09-11,20230911,2023,3,9,September,37,0,Monday,0,0,254,2023,2
2023-09-12,20230912,2023,3,9,September,37,1,Tuesday,0,0,255,2023,2
2023-09-13,20230913,2023,3,9,September,37,2,Wednesday,0,0,256,2023,2
2023-09-14,20230914,2023,3,9,September,37,3,Thursday,0,0,257,2023,2
2023-09-15,20230915,2023,3,9,September,37,4,Friday,0,0,258,2023,2
2023-09-16,20230916,2023,3,9,September,37,5,Saturday,1,0,259,2023,2
2023-09-17,20230917,2023,3,9,September,37,6,Sunday,1,0,260,2023,2
2023-09-18,20230918,2023,3,9,September,38,0,Monday,0,0,261,2023,2
2023-09-19,20230919,2023,3,9,September,38,1,Tuesday,0,0,262,2023,2
2023-09-20,20230920,2023,3,9,September,38,2,Wednesday,0,0,263,2023,2
2023-09-21,20230921,2023,3,9,September,38,3,Thursday,0,0,264,2023,2
2023-09-22,20230922,2023,3,9,September,38,4,Friday,0,0,265,2023,2
2023-09-23,20230923,2023,3,9,September,38,5,Saturday,1,0,266,2023,2
2023-09-24,20230924,2023,3,9,September,38,6,Sunday,1,0,267,2023,2
2023-09-25,20230925,2023,3,9,September,39,0,Monday,0,0,268,2023,2
2023-09-26,20230926,2023,3,9,September,39,1,Tuesday,0,0,269,2023,2
2023-09-27,20230927,2023,3,9,September,39,2,Wednesday,0,0,270,2023,2
2023-09-28,20230928,2023,3,9,September,39,3,Thursday,0,0,271,2023,2
2023-09-29,20230929,2023,3,9,September,39,4,Friday,0,0,272,2023,2
2023-09-30,20230930,2023,3,9,September,39,5,Saturday,1,0,273,2023,2
2023-10-01,20231001,2023,4,10,October,39,6,Sunday,1,0,274,2023,3
2023-10-02,20231002,2023,4,10,October,40,0,Monday,0,0,275,2023,3
2023-10-03,20231003,2023,4,10,October,40,1,Tuesday,0,0,276,2023,3
2023-10-04,20231004,2023,4,10,October,40,2,Wednesday,0,0,277,2023,3
2023-10-05,20231005,2023,4,10,October,40,3,Thursday,0,0,278,2023,3
2023-10-06,20231006,2023,4,10,October,40,4,Friday,0,0,279,2023,3
2023-10-07,20231007,2023,4,10,October,40,5,Saturday,1,0,280,2023,3
2023-10-08,20231008,2023,4,10,October,40,6,Sunday,1,0,281,2023,3
2023-10-09,20231009,2023,4,10,October,41,0,Monday,0,0,282,2023,3
2023-10-10,20231010,2023,4,10,October,41,1,Tuesday,0,0,283,2023,3
2023-10-11,20231011,2023,4,10,October,41,2,Wednesday,0,0,284,2023,3
2023-10-12,20231012,2023,4,10,October,41,3,Thursday,0,0,285,2023,3
2023-10-13,20231013,2023,4,10,October,41,4,Friday,0,0,286,2023,3
2023-10-14,20231014,2023,4,10,October,41,5,Saturday,1,0,287,2023,3
2023-10-15,20231015,2023,4,10,October,41,6,Sunday,1,0,288,2023,3
2023-10-16,20231016,2023,4,10,October,42,0,Monday,0,0,289,2023,3
2023-10-17,20231017,2023,4,10,October,42,1,Tuesday,0,0,290,2023,3
2023-10-18,20231018,2023,4,10,October,42,2,Wednesday,0,0,291,2023,3
2023-10-19,20231019,2023,4,10,October,42,3,Thursday,0,0,292,2023,3
2023-10-20,20231020,2023,4,10,October,42,4,Friday,0,0,293,2023,3
2023-10-21,20231021,2023,4,10,October,42,5,Saturday,1,0,294,2023,3
2023-10-22,20231022,2023,4,10,October,42,6,Sunday,1,0,295,2023,3
2023-10-23,20231023,2023,4,10,October,43,0,Monday,0,0,296,2023,3
2023-10-24,20231024,2023,4,10,October,43,1,Tuesday,0,0,297,2023,3
2023-10-25,20231025,2023,4,10,October,43,2,Wednesday,0,0,298,2023,3
2023-10-26,20231026,2023,4,10,October,43,3,Thursday,0,0,299,2023,3
2023-10-27,20231027,2023,4,10,October,43,4,Friday,0,0,300,2023,3
2023-10-28,20231028,2023,4,10,October,43,5,Saturday,1,0,301,2023,3
2023-10-29,20231029,2023,4,10,October,43,6,Sunday,1,0,302,2023,3
2023-10-30,20231030,2023,4,10,October,44,0,Monday,0,0,303,2023,3
2023-10-31,20231031,2023,4,10,October,44,1,Tuesday,0,0,304,2023,3
2023-11-01,20231101,2023,4,11,November,44,2,Wednesday,0,0,305,2023,3
2023-11-02,20231102,2023,4,11,November,44,3,Thursday,0,0,306,2023,3
2023-11-03,20231103,2023,4,11,November,44,4,Friday,0,0,307,2023,3
2023-11-04,20231104,2023,4,11,November,44,5,Saturday,1,0,308,2023,3
2023-11-05,20231105,2023,4,11,November,44,6,Sunday,1,0,309,2023,3
2023-11-06,20231106,2023,4,11,November,45,0,Monday,0,0,310,2023,3
2023-11-07,20231107,2023,4,11,November,45,1,Tuesday,0,0,311,2023,3
2023-11-08,20231108,2023,4,11,November,45,2,Wednesday,0,0,312,2023,3
2023-11-09,20231109,2023,4,11,November,45,3,Thursday,0,0,313,2023,3
2023-11-10,20231110,2023,4,11,November,45,4,Friday,0,0,314,2023,3
2023-11-11,20231111,2023,4,11,November,45,5,Saturday,1,0,315,2023,3
2023-11-12,20231112,2023,4,11,November,45,6,Sunday,1,0,316,2023,3
2023-11-13,20231113,2023,4,11,November,46,0,Monday,0,0,317,2023,3
2023-11-14,20231114,2023,4,11,November,46,1,Tuesday,0,0,318,2023,3
2023-11-15,20231115,2023,4,11,November,46,2,Wednesday,0,0,319,2023,3
2023-11-16,20231116,2023,4,11,November,46,3,Thursday,0,0,320,2023,3
2023-11-17,20231117,2023,4,11,November,46,4,Friday,0,0,321,2023,3
2023-11-18,20231118,2023,4,11,November,46,5,Saturday,1,0,322,2023,3
2023-11-19,20231119,2023,4,11,November,46,6,Sunday,1,0,323,2023,3
2023-11-20,20231120,2023,4,11,November,47,0,Monday,0,0,324,2023,3
2023-11-21,20231121,2023,4,11,November,47,1,Tuesday,0,0,325,2023,3
2023-11-22,20231122,2023,4,11,November,47,2,Wednesday,0,0,326,2023,3
2023-11-23,20231123,2023,4,11,November,47,3,Thursday,0,0,327,2023,3
2023-11-24,20231124,2023,4,11,November,47,4,Friday,0,0,328,2023,3
2023-11-25,20231125,2023,4,11,November,47,5,Saturday,1,0,329,2023,3
2023-11-26,20231126,2023,4,11,November,47,6,Sunday,1,0,330,2023,3
2023-11-27,20231127,2023,4,11,November,48,0,Monday,0,0,331,2023,3
2023-11-28,20231128,2023,4,11,November,48,1,Tuesday,0,0,332,2023,3
2023-11-29,20231129,2023,4,11,November,48,2,Wednesday,0,0,333,2023,3
2023-11-30,20231130,2023,4,11,November,48,3,Thursday,0,0,334,2023,3
2023-12-01,20231201,2023,4,12,December,48,4,Friday,0,0,335,2023,3
2023-12-02,20231202,2023,4,12,December,48,5,Saturday,1,0,336,2023,3
2023-12-03,20231203,2023,4,12,December,48,6,Sunday,1,0,337,2023,3
2023-12-04,20231204,2023,4,12,December,49,0,Monday,0,0,338,2023,3
2023-12-05,20231205,2023,4,12,December,49,1,Tuesday,0,0,339,2023,3
2023-12-06,20231206,2023,4,12,December,49,2,Wednesday,0,0,340,2023,3
2023-12-07,20231207,2023,4,12,December,49,3,Thursday,0,0,341,2023,3
2023-12-08,20231208,2023,4,12,December,49,4,Friday,0,0,342,2023,3
2023-12-09,20231209,2023,4,12,December,49,5,Saturday,1,0,343,2023,3
2023-12-10,20231210,2023,4,12,December,49,6,Sunday,1,0,344,2023,3
2023-12-11,20231211,2023,4,12,December,50,0,Monday,0,0,345,2023,3
2023-12-12,20231212,2023,4,12,December,50,1,Tuesday,0,0,346,2023,3
2023-12-13,20231213,2023,4,12,December,50,2,Wednesday,0,0,347,2023,3
2023-12-14,20231214,2023,4,12,December,50,3,Thursday,0,0,348,2023,3
2023-12-15,20231215,2023,4,12,December,50,4,Friday,0,0,349,2023,3
2023-12-16,20231216,2023,4,12,December,50,5,Saturday,1,0,350,2023,3
2023-12-17,20231217,2023,4,12,December,50,6,Sunday,1,0,351,2023,3
2023-12-18,20231218,2023,4,12,December,51,0,Monday,0,0,352,2023,3
2023-12-19,20231219,2023,4,12,December,51,1,Tuesday,0,0,353,2023,3
2023-12-20,20231220,2023,4,12,December,51,2,Wednesday,0,0,354,2023,3
2023-12-21,20231221,2023,4,12,December,51,3,Thursday,0,0,355,2023,3
2023-12-22,20231222,2023,4,12,December,51,4,Friday,0,0,356,2023,3
2023-12-23,20231223,2023,4,12,December,51,5,Saturday,1,0,357,2023,3
2023-12-24,20231224,2023,4,12,December,51,6,Sunday,1,0,358,2023,3
2023-12-25,20231225,2023,4,12,December,52,0,Monday,0,0,359,2023,3
2023-12-26,20231226,2023,4,12,December,52,1,Tuesday,0,0,360,2023,3
2023-12-27,20231227,2023,4,12,December,52,2,Wednesday,0,0,361,2023,3
2023-12-28,20231228,2023,4,12,December,52,3,Thursday,0,0,362,2023,3
2023-12-29,20231229,2023,4,12,December,52,4,Friday,0,0,363,2023,3
2023-12-30,20231230,2023,4,12,December,52,5,Saturday,1,0,364,2023,3
2023-12-31,20231231,2023,4,12,December,52,6,Sunday,1,0,365,2023,3
2024-01-01,20240101,2024,1,1,January,1,0,Monday,0,0,1,2023,4
2024-01-02,20240102,2024,1,1,January,1,1,Tuesday,0,0,2,2023,4
2024-01-03,20240103,2024,1,1,January,1,2,Wednesday,0,0,3,2023,4
2024-01-04,20240104,2024,1,1,January,1,3,Thursday,0,0,4,2023,4
2024-01-05,20240105,2024,1,1,January,1,4,Friday,0,0,5,2023,4
2024-01-06,20240106,2024,1,1,January,1,5,Saturday,1,0,6,2023,4
2024-01-07,20240107,2024,1,1,January,1,6,Sunday,1,0,7,2023,4
2024-01-08,20240108,2024,1,1,January,2,0,Monday,0,0,8,2023,4
2024-01-09,20240109,2024,1,1,January,2,1,Tuesday,0,0,9,2023,4
2024-01-10,20240110,2024,1,1,January,2,2,Wednesday,0,0,10,2023,4
2024-01-11,20240111,2024,1,1,January,2,3,Thursday,0,0,11,2023,4
2024-01-12,20240112,2024,1,1,January,2,4,Friday,0,0,12,2023,4
2024-01-13,20240113,2024,1,1,January,2,5,Saturday,1,0,13,2023,4
2024-01-14,20240114,2024,1,1,January,2,6,Sunday,1,0,14,2023,4
2024-01-15,20240115,2024,1,1,January,3,0,Monday,0,0,15,2023,4
2024-01-16,20240116,2024,1,1,January,3,1,Tuesday,0,0,16,2023,4
2024-01-17,20240117,2024,1,1,January,3,2,Wednesday,0,0,17,2023,4
2024-01-18,20240118,2024,1,1,January,3,3,Thursday,0,0,18,2023,4
2024-01-19,20240119,2024,1,1,January,3,4,Friday,0,0,19,2023,4
2024-01-20,20240120,2024,1,1,January,3,5,Saturday,1,0,20,2023,4
2024-01-21,20240121,2024,1,1,January,3,6,Sunday,1,0,21,2023,4
2024-01-22,20240122,2024,1,1,January,4,0,Monday,0,0,22,2023,4
2024-01-23,20240123,2024,1,1,January,4,1,Tuesday,0,0,23,2023,4
2024-01-24,20240124,2024,1,1,January,4,2,Wednesday,0,0,24,2023,4
2024-01-25,20240125,2024,1,1,January,4,3,Thursday,0,0,25,2023,4
2024-01-26,20240126,2024,1,1,January,4,4,Friday,0,0,26,2023,4
2024-01-27,20240127,2024,1,1,January,4,5,Saturday,1,0,27,2023,4
2024-01-28,20240128,2024,1,1,January,4,6,Sunday,1,0,28,2023,4
2024-01-29,20240129,2024,1,1,January,5,0,Monday,0,0,29,2023,4
2024-01-30,20240130,2024,1,1,January,5,1,Tuesday,0,0,30,2023,4
2024-01-31,20240131,2024,1,1,January,5,2,Wednesday,0,0,31,2023,4
2024-02-01,20240201,2024,1,2,February,5,3,Thursday,0,0,32,2023,4
2024-02-02,20240202,2024,1,2,February,5,4,Friday,0,0,33,2023,4
2024-02-03,20240203,2024,1,2,February,5,5,Saturday,1,0,34,2023,4
2024-02-04,20240204,2024,1,2,February,5,6,Sunday,1,0,35,2023,4
2024-02-05,20240205,2024,1,2,February,6,0,Monday,0,0,36,2023,4
2024-02-06,20240206,2024,1,2,February,6,1,Tuesday,0,0,37,2023,4
2024-02-07,20240207,2024,1,2,February,6,2,Wednesday,0,0,38,2023,4
2024-02-08,20240208,2024,1,2,February,6,3,Thursday,0,0,39,2023,4
2024-02-09,20240209,2024,1,2,February,6,4,Friday,0,0,40,2023,4
2024-02-10,20240210,2024,1,2,February,6,5,Saturday,1,0,41,2023,4
2024-02-11,20240211,2024,1,2,February,6,6,Sunday,1,0,42,2023,4
2024-02-12,20240212,2024,1,2,February,7,0,Monday,0,0,43,2023,4
2024-02-13,20240213,2024,1,2,February,7,1,Tuesday,0,0,44,2023,4
2024-02-14,20240214,2024,1,2,February,7,2,Wednesday,0,0,45,2023,4
2024-02-15,20240215,2024,1,2,February,7,3,Thursday,0,0,46,2023,4
2024-02-16,20240216,2024,1,2,February,7,4,Friday,0,0,47,2023,4
2024-02-17,20240217,2024,1,2,February,7,5,Saturday,1,0,48,2023,4
2024-02-18,20240218,2024,1,2,February,7,6,Sunday,1,0,49,2023,4
2024-02-19,20240219,2024,1,2,February,8,0,Monday,0,0,50,2023,4
2024-02-20,20240220,2024,1,2,February,8,1,Tuesday,0,0,51,2023,4
2024-02-21,20240221,2024,1,2,February,8,2,Wednesday,0,0,52,2023,4
2024-02-22,20240222,2024,1,2,February,8,3,Thursday,0,0,53,2023,4
2024-02-23,20240223,2024,1,2,February,8,4,Friday,0,0,54,2023,4
2024-02-24,20240224,2024,1,2,February,8,5,Saturday,1,0,55,2023,4
2024-02-25,20240225,2024,1,2,February,8,6,Sunday,1,0,56,2023,4
2024-02-26,20240226,2024,1,2,February,9,0,Monday,0,0,57,2023,4
2024-02-27,20240227,2024,1,2,February,9,1,Tuesday,0,0,58,2023,4
2024-02-28,20240228,2024,1,2,February,9,2,Wednesday,0,0,59,2023,4
2024-02-29,20240229,2024,1,2,February,9,3,Thursday,0,0,60,2023,4
2024-03-01,20240301,2024,1,3,March,9,4,Friday,0,0,61,2023,4
2024-03-02,20240302,2024,1,3,March,9,5,Saturday,1,0,62,2023,4
2024-03-03,20240303,2024,1,3,March,9,6,Sunday,1,0,63,2023,4
2024-03-04,20240304,2024,1,3,March,10,0,Monday,0,0,64,2023,4
2024-03-05,20240305,2024,1,3,March,10,1,Tuesday,0,0,65,2023,4
2024-03-06,20240306,2024,1,3,March,10,2,Wednesday,0,0,66,2023,4
2024-03-07,20240307,2024,1,3,March,10,3,Thursday,0,0,67,2023,4
2024-03-08,20240308,2024,1,3,March,10,4,Friday,0,0,68,2023,4
2024-03-09,20240309,2024,1,3,March,10,5,Saturday,1,0,69,2023,4
2024-03-10,20240310,2024,1,3,March,10,6,Sunday,1,0,70,2023,4
2024-03-11,20240311,2024,1,3,March,11,0,Monday,0,0,71,2023,4
2024-03-12,20240312,2024,1,3,March,11,1,Tuesday,0,0,72,2023,4
2024-03-13,20240313,2024,1,3,March,11,2,Wednesday,0,0,73,2023,4
2024-03-14,20240314,2024,1,3,March,11,3,Thursday,0,0,74,2023,4
2024-03-15,20240315,2024,1,3,March,11,4,Friday,0,0,75,2023,4
2024-03-16,20240316,2024,1,3,March,11,5,Saturday,1,0,76,2023,4
2024-03-17,20240317,2024,1,3,March,11,6,Sunday,1,0,77,2023,4
2024-03-18,20240318,2024,1,3,March,12,0,Monday,0,0,78,2023,4
2024-03-19,20240319,2024,1,3,March,12,1,Tuesday,0,0,79,2023,4
2024-03-20,20240320,2024,1,3,March,12,2,Wednesday,0,0,80,2023,4
2024-03-21,20240321,2024,1,3,March,12,3,Thursday,0,0,81,2023,4
2024-03-22,20240322,2024,1,3,March,12,4,Friday,0,0,82,2023,4
2024-03-23,20240323,2024,1,3,March,12,5,Saturday,1,0,83,2023,4
2024-03-24,20240324,2024,1,3,March,12,6,Sunday,1,0,84,2023,4
2024-03-25,20240325,2024,1,3,March,13,0,Monday,0,0,85,2023,4
2024-03-26,20240326,2024,1,3,March,13,1,Tuesday,0,0,86,2023,4
2024-03-27,20240327,2024,1,3,March,13,2,Wednesday,0,0,87,2023,4
2024-03-28,20240328,2024,1,3,March,13,3,Thursday,0,0,88,2023,4
2024-03-29,20240329,2024,1,3,March,13,4,Friday,0,0,89,2023,4
2024-03-30,20240330,2024,1,3,March,13,5,Saturday,1,0,90,2023,4
2024-03-31,20240331,2024,1,3,March,13,6,Sunday,1,0,91,2023,4
2024-04-01,20240401,2024,2,4,April,14,0,Monday,0,0,92,2024,1
2024-04-02,20240402,2024,2,4,April,14,1,Tuesday,0,0,93,2024,1
2024-04-03,20240403,2024,2,4,April,14,2,Wednesday,0,0,94,2024,1
2024-04-04,20240404,2024,2,4,April,14,3,Thursday,0,0,95,2024,1
2024-04-05,20240405,2024,2,4,April,14,4,Friday,0,0,96,2024,1
2024-04-06,20240406,2024,2,4,April,14,5,Saturday,1,0,97,2024,1
2024-04-07,20240407,2024,2,4,April,14,6,Sunday,1,0,98,2024,1
2024-04-08,20240408,2024,2,4,April,15,0,Monday,0,0,99,2024,1
2024-04-09,20240409,2024,2,4,April,15,1,Tuesday,0,0,100,2024,1
2024-04-10,20240410,2024,2,4,April,15,2,Wednesday,0,0,101,2024,1
2024-04-11,20240411,2024,2,4,April,15,3,Thursday,0,0,102,2024,1
2024-04-12,20240412,2024,2,4,April,15,4,Friday,0,0,103,2024,1
2024-04-13,20240413,2024,2,4,April,15,5,Saturday,1,0,104,2024,1
2024-04-14,20240414,2024,2,4,April,15,6,Sunday,1,0,105,2024,1
2024-04-15,20240415,2024,2,4,April,16,0,Monday,0,0,106,2024,1
2024-04-16,20240416,2024,2,4,April,16,1,Tuesday,0,0,107,2024,1
2024-04-17,20240417,2024,2,4,April,16,2,Wednesday,0,0,108,2024,1
2024-04-18,20240418,2024,2,4,April,16,3,Thursday,0,0,109,2024,1
2024-04-19,20240419,2024,2,4,April,16,4,Friday,0,0,110,2024,1
2024-04-20,20240420,2024,2,4,April,16,5,Saturday,1,0,111,2024,1
2024-04-21,20240421,2024,2,4,April,16,6,Sunday,1,0,112,2024,1
2024-04-22,20240422,2024,2,4,April,17,0,Monday,0,0,113,2024,1
2024-04-23,20240423,2024,2,4,April,17,1,Tuesday,0,0,114,2024,1
2024-04-24,20240424,2024,2,4,April,17,2,Wednesday,0,0,115,2024,1
2024-04-25,20240425,2024,2,4,April,17,3,Thursday,0,0,116,2024,1
2024-04-26,20240426,2024,2,4,April,17,4,Friday,0,0,117,2024,1
2024-04-27,20240427,2024,2,4,April,17,5,Saturday,1,0,118,2024,1
2024-04-28,20240428,2024,2,4,April,17,6,Sunday,1,0,119,2024,1
2024-04-29,20240429,2024,2,4,April,18,0,Monday,0,0,120,2024,1
2024-04-30,20240430,2024,2,4,April,18,1,Tuesday,0,0,121,2024,1
2024-05-01,20240501,2024,2,5,May,18,2,Wednesday,0,0,122,2024,1
2024-05-02,20240502,2024,2,5,May,18,3,Thursday,0,0,123,2024,1
2024-05-03,20240503,2024,2,5,May,18,4,Friday,0,0,124,2024,1
2024-05-04,20240504,2024,2,5,May,18,5,Saturday,1,0,125,2024,1
2024-05-05,20240505,2024,2,5,May,18,6,Sunday,1,0,126,2024,1
2024-05-06,20240506,2024,2,5,May,19,0,Monday,0,0,127,2024,1
2024-05-07,20240507,2024,2,5,May,19,1,Tuesday,0,0,128,2024,1
2024-05-08,20240508,2024,2,5,May,19,2,Wednesday,0,0,129,2024,1
2024-05-09,20240509,2024,2,5,May,19,3,Thursday,0,0,130,2024,1
2024-05-10,20240510,2024,2,5,May,19,4,Friday,0,0,131,2024,1
2024-05-11,20240511,2024,2,5,May,19,5,Saturday,1,0,132,2024,1
2024-05-12,20240512,2024,2,5,May,19,6,Sunday,1,0,133,2024,1
2024-05-13,20240513,2024,2,5,May,20,0,Monday,0,0,134,2024,1
2024-05-14,20240514,2024,2,5,May,20,1,Tuesday,0,0,135,2024,1
2024-05-15,20240515,2024,2,5,May,20,2,Wednesday,0,0,136,2024,1
2024-05-16,20240516,2024,2,5,May,20,3,Thursday,0,0,137,2024,1
2024-05-17,20240517,2024,2,5,May,20,4,Friday,0,0,138,2024,1
2024-05-18,20240518,2024,2,5,May,20,5,Saturday,1,0,139,2024,1
2024-05-19,20240519,2024,2,5,May,20,6,Sunday,1,0,140,2024,1
2024-05-20,20240520,2024,2,5,May,21,0,Monday,0,0,141,2024,1
2024-05-21,20240521,2024,2,5,May,21,1,Tuesday,0,0,142,2024,1
2024-05-22,20240522,2024,2,5,May,21,2,Wednesday,0,0,143,2024,1
2024-05-23,20240523,2024,2,5,May,21,3,Thursday,0,0,144,2024,1
2024-05-24,20240524,2024,2,5,May,21,4,Friday,0,0,145,2024,1
2024-05-25,20240525,2024,2,5,May,21,5,Saturday,1,0,146,2024,1
2024-05-26,20240526,2024,2,5,May,21,6,Sunday,1,0,147,2024,1
2024-05-27,20240527,2024,2,5,May,22,0,Monday,0,0,148,2024,1
2024-05-28,20240528,2024,2,5,May,22,1,Tuesday,0,0,149,2024,1
2024-05-29,20240529,2024,2,5,May,22,2,Wednesday,0,0,150,2024,1
2024-05-30,20240530,2024,2,5,May,22,3,Thursday,0,0,151,2024,1
2024-05-31,20240531,2024,2,5,May,22,4,Friday,0,0,152,2024,1
2024-06-01,20240601,2024,2,6,June,22,5,Saturday,1,0,153,2024,1
2024-06-02,20240602,2024,2,6,June,22,6,Sunday,1,0,154,2024,1
2024-06-03,20240603,2024,2,6,June,23,0,Monday,0,0,155,2024,1
2024-06-04,20240604,2024,2,6,June,23,1,Tuesday,0,0,156,2024,1
2024-06-05,20240605,2024,2,6,June,23,2,Wednesday,0,0,157,2024,1
2024-06-06,20240606,2024,2,6,June,23,3,Thursday,0,0,158,2024,1
2024-06-07,20240607,2024,2,6,June,23,4,Friday,0,0,159,2024,1
2024-06-08,20240608,2024,2,6,June,23,5,Saturday,1,0,160,2024,1
2024-06-09,20240609,2024,2,6,June,23,6,Sunday,1,0,161,2024,1
2024-06-10,20240610,2024,2,6,June,24,0,Monday,0,0,162,2024,1
2024-06-11,20240611,2024,2,6,June,24,1,Tuesday,0,0,163,2024,1
2024-06-12,20240612,2024,2,6,June,24,2,Wednesday,0,0,164,2024,1
2024-06-13,20240613,2024,2,6,June,24,3,Thursday,0,0,165,2024,1
2024-06-14,20240614,2024,2,6,June,24,4,Friday,0,0,166,2024,1
2024-06-15,20240615,2024,2,6,June,24,5,Saturday,1,0,167,2024,1
2024-06-16,20240616,2024,2,6,June,24,6,Sunday,1,0,168,2024,1
2024-06-17,20240617,2024,2,6,June,25,0,Monday,0,0,169,2024,1
2024-06-18,20240618,2024,2,6,June,25,1,Tuesday,0,0,170,2024,1
2024-06-19,20240619,2024,2,6,June,25,2,Wednesday,0,0,171,2024,1
2024-06-20,20240620,2024,2,6,June,25,3,Thursday,0,0,172,2024,1
2024-06-21,20240621,2024,2,6,June,25,4,Friday,0,0,173,2024,1
2024-06-22,20240622,2024,2,6,June,25,5,Saturday,1,0,174,2024,1
2024-06-23,20240623,2024,2,6,June,25,6,Sunday,1,0,175,2024,1
2024-06-24,20240624,2024,2,6,June,26,0,Monday,0,0,176,2024,1
2024-06-25,20240625,2024,2,6,June,26,1,Tuesday,0,0,177,2024,1
2024-06-26,20240626,2024,2,6,June,26,2,Wednesday,0,0,178,2024,1
2024-06-27,20240627,2024,2,6,June,26,3,Thursday,0,0,179,2024,1
2024-06-28,20240628,2024,2,6,June,26,4,Friday,0,0,180,2024,1
2024-06-29,20240629,2024,2,6,June,26,5,Saturday,1,0,181,2024,1
2024-06-30,20240630,2024,2,6,June,26,6,Sunday,1,0,182,2024,1
2024-07-01,20240701,2024,3,7,July,27,0,Monday,0,0,183,2024,2
2024-07-02,20240702,2024,3,7,July,27,1,Tuesday,0,0,184,2024,2
2024-07-03,20240703,2024,3,7,July,27,2,Wednesday,0,0,185,2024,2
2024-07-04,20240704,2024,3,7,July,27,3,Thursday,0,0,186,2024,2
2024-07-05,20240705,2024,3,7,July,27,4,Friday,0,0,187,2024,2
2024-07-06,20240706,2024,3,7,July,27,5,Saturday,1,0,188,2024,2
2024-07-07,20240707,2024,3,7,July,27,6,Sunday,1,0,189,2024,2
2024-07-08,20240708,2024,3,7,July,28,0,Monday,0,0,190,2024,2
2024-07-09,20240709,2024,3,7,July,28,1,Tuesday,0,0,191,2024,2
2024-07-10,20240710,2024,3,7,July,28,2,Wednesday,0,0,192,2024,2
2024-07-11,20240711,2024,3,7,July,28,3,Thursday,0,0,193,2024,2
2024-07-12,20240712,2024,3,7,July,28,4,Friday,0,0,194,2024,2
2024-07-13,20240713,2024,3,7,July,28,5,Saturday,1,0,195,2024,2
2024-07-14,20240714,2024,3,7,July,28,6,Sunday,1,0,196,2024,2
2024-07-15,20240715,2024,3,7,July,29,0,Monday,0,0,197,2024,2
2024-07-16,20240716,2024,3,7,July,29,1,Tuesday,0,0,198,2024,2
2024-07-17,20240717,2024,3,7,July,29,2,Wednesday,0,0,199,2024,2
2024-07-18,20240718,2024,3,7,July,29,3,Thursday,0,0,200,2024,2
2024-07-19,20240719,2024,3,7,July,29,4,Friday,0,0,201,2024,2
2024-07-20,20240720,2024,3,7,July,29,5,Saturday,1,0,202,2024,2
2024-07-21,20240721,2024,3,7,July,29,6,Sunday,1,0,203,2024,2
2024-07-22,20240722,2024,3,7,July,30,0,Monday,0,0,204,2024,2
2024-07-23,20240723,2024,3,7,July,30,1,Tuesday,0,0,205,2024,2
2024-07-24,20240724,2024,3,7,July,30,2,Wednesday,0,0,206,2024,2
2024-07-25,20240725,2024,3,7,July,30,3,Thursday,0,0,207,2024,2
2024-07-26,20240726,2024,3,7,July,30,4,Friday,0,0,208,2024,2
2024-07-27,20240727,2024,3,7,July,30,5,Saturday,1,0,209,2024,2
2024-07-28,20240728,2024,3,7,July,30,6,Sunday,1,0,210,2024,2
2024-07-29,20240729,2024,3,7,July,31,0,Monday,0,0,211,2024,2
2024-07-30,20240730,2024,3,7,July,31,1,Tuesday,0,0,212,2024,2
2024-07-31,20240731,2024,3,7,July,31,2,Wednesday,0,0,213,2024,2
2024-08-01,20240801,2024,3,8,August,31,3,Thursday,0,0,214,2024,2
2024-08-02,20240802,2024,3,8,August,31,4,Friday,0,0,215,2024,2
2024-08-03,20240803,2024,3,8,August,31,5,Saturday,1,0,216,2024,2
2024-08-04,20240804,2024,3,8,August,31,6,Sunday,1,0,217,2024,2
2024-08-05,20240805,2024,3,8,August,32,0,Monday,0,0,218,2024,2
2024-08-06,20240806,2024,3,8,August,32,1,Tuesday,0,0,219,2024,2
2024-08-07,20240807,2024,3,8,August,32,2,Wednesday,0,0,220,2024,2
2024-08-08,20240808,2024,3,8,August,32,3,Thursday,0,0,221,2024,2
2024-08-09,20240809,2024,3,8,August,32,4,Friday,0,0,222,2024,2
2024-08-10,20240810,2024,3,8,August,32,5,Saturday,1,0,223,2024,2
2024-08-11,20240811,2024,3,8,August,32,6,Sunday,1,0,224,2024,2
2024-08-12,20240812,2024,3,8,August,33,0,Monday,0,0,225,2024,2
2024-08-13,20240813,2024,3,8,August,33,1,Tuesday,0,0,226,2024,2
2024-08-14,20240814,2024,3,8,August,33,2,Wednesday,0,0,227,2024,2
2024-08-15,20240815,2024,3,8,August,33,3,Thursday,0,0,228,2024,2
2024-08-16,20240816,2024,3,8,August,33,4,Friday,0,0,229,2024,2
2024-08-17,20240817,2024,3,8,August,33,5,Saturday,1,0,230,2024,2
2024-08-18,20240818,2024,3,8,August,33,6,Sunday,1,0,231,2024,2
2024-08-19,20240819,2024,3,8,August,34,0,Monday,0,0,232,2024,2
2024-08-20,20240820,2024,3,8,August,34,1,Tuesday,0,0,233,2024,2
2024-08-21,20240821,2024,3,8,August,34,2,Wednesday,0,0,234,2024,2
2024-08-22,20240822,2024,3,8,August,34,3,Thursday,0,0,235,2024,2
2024-08-23,20240823,2024,3,8,August,34,4,Friday,0,0,236,2024,2
2024-08-24,20240824,2024,3,8,August,34,5,Saturday,1,0,237,2024,2
2024-08-25,20240825,2024,3,8,August,34,6,Sunday,1,0,238,2024,2
2024-08-26,20240826,2024,3,8,August,35,0,Monday,0,0,239,2024,2
2024-08-27,20240827,2024,3,8,August,35,1,Tuesday,0,0,240,2024,2
2024-08-28,20240828,2024,3,8,August,35,2,Wednesday,0,0,241,2024,2
2024-08-29,20240829,2024,3,8,August,35,3,Thursday,0,0,242,2024,2
2024-08-30,20240830,2024,3,8,August,35,4,Friday,0,0,243,2024,2
2024-08-31,20240831,2024,3,8,August,35,5,Saturday,1,0,244,2024,2
2024-09-01,20240901,2024,3,9,September,35,6,Sunday,1,0,245,2024,2
2024-09-02,20240902,2024,3,9,September,36,0,Monday,0,0,246,2024,2
2024-09-03,20240903,2024,3,9,September,36,1,Tuesday,0,0,247,2024,2
2024-09-04,20240904,2024,3,9,September,36,2,Wednesday,0,0,248,2024,2
2024-09-05,20240905,2024,3,9,September,36,3,Thursday,0,0,249,2024,2
2024-09-06,20240906,2024,3,9,September,36,4,Friday,0,0,250,2024,2
2024-09-07,20240907,2024,3,9,September,36,5,Saturday,1,0,251,2024,2
2024-09-08,20240908,2024,3,9,September,36,6,Sunday,1,0,252,2024,2
2024-09-09,20240909,2024,3,9,September,37,0,Monday,0,0,253,2024,2
2024-09-10,20240910,2024,3,9,September,37,1,Tuesday,0,0,254,2024,2
2024-09-11,20240911,2024,3,9,September,37,2,Wednesday,0,0,255,2024,2
2024-09-12,20240912,2024,3,9,September,37,3,Thursday,0,0,256,2024,2
2024-09-13,20240913,2024,3,9,September,37,4,Friday,0,0,257,2024,2
2024-09-14,20240914,2024,3,9,September,37,5,Saturday,1,0,258,2024,2
2024-09-15,20240915,2024,3,9,September,37,6,Sunday,1,0,259,2024,2
2024-09-16,20240916,2024,3,9,September,38,0,Monday,0,0,260,2024,2
2024-09-17,20240917,2024,3,9,September,38,1,Tuesday,0,0,261,2024,2
2024-09-18,20240918,2024,3,9,September,38,2,Wednesday,0,0,262,2024,2
2024-09-19,20240919,2024,3,9,September,38,3,Thursday,0,0,263,2024,2
2024-09-20,20240920,2024,3,9,September,38,4,Friday,0,0,264,2024,2
2024-09-21,20240921,2024,3,9,September,38,5,Saturday,1,0,265,2024,2
2024-09-22,20240922,2024,3,9,September,38,6,Sunday,1,0,266,2024,2
2024-09-23,20240923,2024,3,9,September,39,0,Monday,0,0,267,2024,2
2024-09-24,20240924,2024,3,9,September,39,1,Tuesday,0,0,268,2024,2
2024-09-25,20240925,2024,3,9,September,39,2,Wednesday,0,0,269,2024,2
2024-09-26,20240926,2024,3,9,September,39,3,Thursday,0,0,270,2024,2
2024-09-27,20240927,2024,3,9,September,39,4,Friday,0,0,271,2024,2
2024-09-28,20240928,2024,3,9,September,39,5,Saturday,1,0,272,2024,2
2024-09-29,20240929,2024,3,9,September,39,6,Sunday,1,0,273,2024,2
2024-09-30,20240930,2024,3,9,September,40,0,Monday,0,0,274,2024,2
2024-10-01,20241001,2024,4,10,October,40,1,Tuesday,0,0,275,2024,3
2024-10-02,20241002,2024,4,10,October,40,2,Wednesday,0,0,276,2024,3
2024-10-03,20241003,2024,4,10,October,40,3,Thursday,0,0,277,2024,3
2024-10-04,20241004,2024,4,10,October,40,4,Friday,0,0,278,2024,3
2024-10-05,20241005,2024,4,10,October,40,5,Saturday,1,0,279,2024,3
2024-10-06,20241006,2024,4,10,October,40,6,Sunday,1,0,280,2024,3
2024-10-07,20241007,2024,4,10,October,41,0,Monday,0,0,281,2024,3
2024-10-08,20241008,2024,4,10,October,41,1,Tuesday,0,0,282,2024,3
2024-10-09,20241009,2024,4,10,October,41,2,Wednesday,0,0,283,2024,3
2024-10-10,20241010,2024,4,10,October,41,3,Thursday,0,0,284,2024,3
2024-10-11,20241011,2024,4,10,October,41,4,Friday,0,0,285,2024,3
2024-10-12,20241012,2024,4,10,October,41,5,Saturday,1,0,286,2024,3
2024-10-13,20241013,2024,4,10,October,41,6,Sunday,1,0,287,2024,3
2024-10-14,20241014,2024,4,10,October,42,0,Monday,0,0,288,2024,3
2024-10-15,20241015,2024,4,10,October,42,1,Tuesday,0,0,289,2024,3
2024-10-16,20241016,2024,4,10,October,42,2,Wednesday,0,0,290,2024,3
2024-10-17,20241017,2024,4,10,October,42,3,Thursday,0,0,291,2024,3
2024-10-18,20241018,2024,4,10,October,42,4,Friday,0,0,292,2024,3
2024-10-19,20241019,2024,4,10,October,42,5,Saturday,1,0,293,2024,3
2024-10-20,20241020,2024,4,10,October,42,6,Sunday,1,0,294,2024,3
2024-10-21,20241021,2024,4,10,October,43,0,Monday,0,0,295,2024,3
2024-10-22,20241022,2024,4,10,October,43,1,Tuesday,0,0,296,2024,3
2024-10-23,20241023,2024,4,10,October,43,2,Wednesday,0,0,297,2024,3
2024-10-24,20241024,2024,4,10,October,43,3,Thursday,0,0,298,2024,3
2024-10-25,20241025,2024,4,10,October,43,4,Friday,0,0,299,2024,3
2024-10-26,20241026,2024,4,10,October,43,5,Saturday,1,0,300,2024,3
2024-10-27,20241027,2024,4,10,October,43,6,Sunday,1,0,301,2024,3
2024-10-28,20241028,2024,4,10,October,44,0,Monday,0,0,302,2024,3
2024-10-29,20241029,2024,4,10,October,44,1,Tuesday,0,0,303,2024,3
2024-10-30,20241030,2024,4,10,October,44,2,Wednesday,0,0,304,2024,3
2024-10-31,20241031,2024,4,10,October,44,3,Thursday,0,0,305,2024,3
2024-11-01,20241101,2024,4,11,November,44,4,Friday,0,0,306,2024,3
2024-11-02,20241102,2024,4,11,November,44,5,Saturday,1,0,307,2024,3
2024-11-03,20241103,2024,4,11,November,44,6,Sunday,1,0,308,2024,3
2024-11-04,20241104,2024,4,11,November,45,0,Monday,0,0,309,2024,3
2024-11-05,20241105,2024,4,11,November,45,1,Tuesday,0,0,310,2024,3
2024-11-06,20241106,2024,4,11,November,45,2,Wednesday,0,0,311,2024,3
2024-11-07,20241107,2024,4,11,November,45,3,Thursday,0,0,312,2024,3
2024-11-08,20241108,2024,4,11,November,45,4,Friday,0,0,313,2024,3
2024-11-09,20241109,2024,4,11,November,45,5,Saturday,1,0,314,2024,3
2024-11-10,20241110,2024,4,11,November,45,6,Sunday,1,0,315,2024,3
2024-11-11,20241111,2024,4,11,November,46,0,Monday,0,0,316,2024,3
2024-11-12,20241112,2024,4,11,November,46,1,Tuesday,0,0,317,2024,3
2024-11-13,20241113,2024,4,11,November,46,2,Wednesday,0,0,318,2024,3
2024-11-14,20241114,2024,4,11,November,46,3,Thursday,0,0,319,2024,3
2024-11-15,20241115,2024,4,11,November,46,4,Friday,0,0,320,2024,3
2024-11-16,20241116,2024,4,11,November,46,5,Saturday,1,0,321,2024,3
2024-11-17,20241117,2024,4,11,November,46,6,Sunday,1,0,322,2024,3
2024-11-18,20241118,2024,4,11,November,47,0,Monday,0,0,323,2024,3
2024-11-19,20241119,2024,4,11,November,47,1,Tuesday,0,0,324,2024,3
2024-11-20,20241120,2024,4,11,November,47,2,Wednesday,0,0,325,2024,3
2024-11-21,20241121,2024,4,11,November,47,3,Thursday,0,0,326,2024,3
2024-11-22,20241122,2024,4,11,November,47,4,Friday,0,0,327,2024,3
2024-11-23,20241123,2024,4,11,November,47,5,Saturday,1,0,328,2024,3
2024-11-24,20241124,2024,4,11,November,47,6,Sunday,1,0,329,2024,3
2024-11-25,20241125,2024,4,11,November,48,0,Monday,0,0,330,2024,3
2024-11-26,20241126,2024,4,11,November,48,1,Tuesday,0,0,331,2024,3
2024-11-27,20241127,2024,4,11,November,48,2,Wednesday,0,0,332,2024,3
2024-11-28,20241128,2024,4,11,November,48,3,Thursday,0,0,333,2024,3
2024-11-29,20241129,2024,4,11,November,48,4,Friday,0,0,334,2024,3
2024-11-30,20241130,2024,4,11,November,48,5,Saturday,1,0,335,2024,3
2024-12-01,20241201,2024,4,12,December,48,6,Sunday,1,0,336,2024,3
2024-12-02,20241202,2024,4,12,December,49,0,Monday,0,0,337,2024,3
2024-12-03,20241203,2024,4,12,December,49,1,Tuesday,0,0,338,2024,3
2024-12-04,20241204,2024,4,12,December,49,2,Wednesday,0,0,339,2024,3
2024-12-05,20241205,2024,4,12,December,49,3,Thursday,0,0,340,2024,3
2024-12-06,20241206,2024,4,12,December,49,4,Friday,0,0,341,2024,3
2024-12-07,20241207,2024,4,12,December,49,5,Saturday,1,0,342,2024,3
2024-12-08,20241208,2024,4,12,December,49,6,Sunday,1,0,343,2024,3
2024-12-09,20241209,2024,4,12,December,50,0,Monday,0,0,344,2024,3
2024-12-10,20241210,2024,4,12,December,50,1,Tuesday,0,0,345,2024,3
2024-12-11,20241211,2024,4,12,December,50,2,Wednesday,0,0,346,2024,3
2024-12-12,20241212,2024,4,12,December,50,3,Thursday,0,0,347,2024,3
2024-12-13,20241213,2024,4,12,December,50,4,Friday,0,0,348,2024,3
2024-12-14,20241214,2024,4,12,December,50,5,Saturday,1,0,349,2024,3
2024-12-15,20241215,2024,4,12,December,50,6,Sunday,1,0,350,2024,3
2024-12-16,20241216,2024,4,12,December,51,0,Monday,0,0,351,2024,3
2024-12-17,20241217,2024,4,12,December,51,1,Tuesday,0,0,352,2024,3
2024-12-18,20241218,2024,4,12,December,51,2,Wednesday,0,0,353,2024,3
2024-12-19,20241219,2024,4,12,December,51,3,Thursday,0,0,354,2024,3
2024-12-20,20241220,2024,4,12,December,51,4,Friday,0,0,355,2024,3
2024-12-21,20241221,2024,4,12,December,51,5,Saturday,1,0,356,2024,3
2024-12-22,20241222,2024,4,12,December,51,6,Sunday,1,0,357,2024,3
2024-12-23,20241223,2024,4,12,December,52,0,Monday,0,0,358,2024,3
2024-12-24,20241224,2024,4,12,December,52,1,Tuesday,0,0,359,2024,3
2024-12-25,20241225,2024,4,12,December,52,2,Wednesday,0,0,360,2024,3
2024-12-26,20241226,2024,4,12,December,52,3,Thursday,0,0,361,2024,3
2024-12-27,20241227,2024,4,12,December,52,4,Friday,0,0,362,2024,3
2024-12-28,20241228,2024,4,12,December,52,5,Saturday,1,0,363,2024,3
2024-12-29,20241229,2024,4,12,December,52,6,Sunday,1,0,364,2024,3
2024-12-30,20241230,2024,4,12,December,1,0,Monday,0,0,365,2024,3
2024-12-31,20241231,2024,4,12,December,1,1,Tuesday,0,0,366,2024,3
